half_label,primary_component_index,half_component_index,feature_name,squared_distance,contribution_ratio
A,0,3,volume_cv_3d,0.11400778285984986,0.15669211391807036
A,0,3,max_drawdown_3d,0.090325521718537402,0.1241432521868169
A,0,3,rv_1d,0.086571729779088141,0.11898404656553066
A,0,3,rv_3d,0.085512687688662853,0.11752850081493094
A,0,3,range_ratio_3d,0.072439936304698929,0.099561332278754869
A,0,3,rv_4h,0.064632551111101999,0.08883087459007917
A,0,3,mean_body_ratio_3d,0.041112646843402816,0.056505155885533502
A,0,3,return_4h,0.037862487681697879,0.052038142346258004
A,0,3,return_2d,0.034670526075405585,0.047651115433805007
A,0,3,return_3d,0.027579600058698417,0.037905358088796748
A,0,3,return_1d,0.013567198827528984,0.018646736309622169
A,0,3,mean_lower_wick_ratio_3d,0.013429470116804171,0.018457442190489875
A,0,3,mean_upper_wick_ratio_3d,0.013417386896184588,0.018440835031449263
A,0,3,max_runup_3d,0.010507183132618329,0.014441055646158604
A,0,3,close_location_3d,0.0042676274826525433,0.005865420367780678
A,0,3,directional_efficiency_3d,0.003775063779537052,0.0051884416041873375
A,0,3,breakout_rate_3d,0.0036038490374771751,0.0049531243372926822
A,0,3,volume_ratio_1d_3d,0.0032865964505648252,0.0045170928906467771
A,0,3,sign_change_rate_1d,0.0030557534530702697,0.0041998226451138813
A,0,3,return_12h,0.0016382401111863249,0.0022515945814218772
A,0,3,sign_change_rate_3d,0.0011981504196084071,0.0016467360151284989
A,0,3,rv_ratio_1d_3d,0.001008113679430648,0.0013855498242071524
A,0,3,directional_efficiency_1d,8.0792193488034278e-05,0.00011104066115626698
A,0,3,return_autocorr_3d,3.3728409823493704e-05,4.635627236813365e-05
A,0,3,return_autocorr_1d,6.4461035642573191e-06,8.8595144005207916e-06
A,1,0,mean_body_ratio_3d,0.099666052081526221,0.17241203220048293
A,1,0,volume_cv_3d,0.086677683533623276,0.14994348880437242
A,1,0,rv_1d,0.058734444130115436,0.10160455502296302
A,1,0,rv_3d,0.051333753587779758,0.088802120598779608
A,1,0,rv_4h,0.049860609419473317,0.08625373251198909
A,1,0,mean_upper_wick_ratio_3d,0.037262663061345735,0.064460579399224713
A,1,0,mean_lower_wick_ratio_3d,0.03034830104254669,0.052499443364099826
A,1,0,return_autocorr_3d,0.023351298164171003,0.040395347130945343
A,1,0,range_ratio_3d,0.023039734118768626,0.039856373336894714
A,1,0,max_drawdown_3d,0.022367038882168202,0.038692679678205472
A,1,0,max_runup_3d,0.016198793974486272,0.028022249602638702
A,1,0,sign_change_rate_3d,0.015424320194332968,0.026682489518502973
A,1,0,directional_efficiency_1d,0.014894531203282145,0.025766008984992941
A,1,0,return_autocorr_1d,0.014621333249342627,0.025293404588129738
A,1,0,volume_ratio_1d_3d,0.011862039446080254,0.020520109748784477
A,1,0,rv_ratio_1d_3d,0.0096507070927141485,0.016694731930039754
A,1,0,breakout_rate_3d,0.0055799351435439192,0.0096527146159893166
A,1,0,sign_change_rate_1d,0.0039284339725640617,0.0067957872357696202
A,1,0,close_location_3d,0.0007300897995059113,0.0012629803568289361
A,1,0,directional_efficiency_3d,0.00065362241584409036,0.0011306996379799119
A,1,0,return_12h,0.0006169335091419614,0.0010672315981447066
A,1,0,return_1d,0.00053604589152758014,0.00092730432861321845
A,1,0,return_3d,0.00041959611559996558,0.00072585817821741708
A,1,0,return_4h,0.00019802353709229558,0.00034256037778724035
A,1,0,return_2d,0.00011302246215157256,0.00019551724962392421
A,2,1,max_runup_3d,0.17580630757434346,0.14289007773861406
A,2,1,rv_1d,0.16673386396576811,0.13551626851416215
A,2,1,rv_3d,0.16336010529207068,0.13277417896227225
A,2,1,volume_cv_3d,0.15484106434268735,0.12585015877032854
A,2,1,rv_4h,0.14625103727869845,0.11886844320002042
A,2,1,range_ratio_3d,0.11459333168731244,0.093138012503918038
A,2,1,mean_body_ratio_3d,0.06006492705361452,0.048818965681454808
A,2,1,return_2d,0.040284929675757593,0.032742378885521055
A,2,1,max_drawdown_3d,0.039699551551503141,0.032266601156978339
A,2,1,return_3d,0.039271538512147687,0.031918725035180041
A,2,1,return_4h,0.037863203833000153,0.030774072977117334
A,2,1,mean_lower_wick_ratio_3d,0.028344388157178373,0.023037465965320865
A,2,1,return_1d,0.024795706019553655,0.020153203884448707
A,2,1,mean_upper_wick_ratio_3d,0.014627161188666334,0.011888516562239597
A,2,1,return_12h,0.011884035601565071,0.0096589866108075084
A,2,1,return_autocorr_1d,0.0049198286087610375,0.0039986886822547356
A,2,1,sign_change_rate_1d,0.0030695762891701215,0.0024948592609434603
A,2,1,return_autocorr_3d,0.0019139370280206187,0.001555590436395635
A,2,1,volume_ratio_1d_3d,0.0007506020417405398,0.00061006675798428735
A,2,1,sign_change_rate_3d,0.00064452628286674606,0.00052385157241565045
A,2,1,rv_ratio_1d_3d,0.00037801543234846437,0.00030723957097970802
A,2,1,close_location_3d,0.00011339741151498124,9.216600456659577e-05
A,2,1,directional_efficiency_1d,6.9682097157743468e-05,5.6635512213628299e-05
A,2,1,breakout_rate_3d,6.147301862894043e-05,4.9963420152044974e-05
A,2,1,directional_efficiency_3d,1.8310635553933743e-05,1.4882333710573034e-05
A,3,2,rv_3d,0.71788325093164285,0.19609384019658738
A,3,2,max_drawdown_3d,0.64573036183356158,0.17638487347231918
A,3,2,rv_1d,0.5347247590262445,0.14606306987880338
A,3,2,range_ratio_3d,0.5023488236171143,0.13721940136293556
A,3,2,rv_4h,0.31524621096328403,0.086111272320379309
A,3,2,return_3d,0.22094765199820618,0.06035309154590237
A,3,2,return_2d,0.18716810022232638,0.051126017339538893
A,3,2,return_1d,0.15918165483900953,0.04348136266686814
A,3,2,return_12h,0.11364532774687267,0.031042859280200768
A,3,2,max_runup_3d,0.087715181274682308,0.023959894199189327
A,3,2,volume_cv_3d,0.058458237244064841,0.015968195688414778
A,3,2,directional_efficiency_1d,0.025499209304501502,0.006965252174371145
A,3,2,close_location_3d,0.021139782950914763,0.005774450392020564
A,3,2,return_4h,0.017380258175253859,0.004747515093534601
A,3,2,directional_efficiency_3d,0.013716311957579119,0.0037466876147416528
A,3,2,volume_ratio_1d_3d,0.0097900702960140966,0.0026742126629205154
A,3,2,return_autocorr_3d,0.0078325089727680694,0.002139493797704675
A,3,2,rv_ratio_1d_3d,0.0071134617174117946,0.0019430820031647654
A,3,2,mean_upper_wick_ratio_3d,0.0051867572461843014,0.0014167918603085001
A,3,2,mean_lower_wick_ratio_3d,0.0045734012489936438,0.0012492502262884358
A,3,2,sign_change_rate_3d,0.0025080237967441189,0.00068508078015433428
A,3,2,return_autocorr_1d,0.0017308095594179957,0.00047278034793927262
A,3,2,breakout_rate_3d,0.0011402854073284923,0.00031147536058682263
A,3,2,sign_change_rate_1d,0.00019187110980109257,5.2410670808727313e-05
A,3,2,mean_body_ratio_3d,6.4575148421688132e-05,1.7639064316990425e-05
B,0,2,rv_3d,0.15369391627845733,0.14409671710997846
B,0,2,max_drawdown_3d,0.13445399594501509,0.12605820638269896
B,0,2,range_ratio_3d,0.11184692911921233,0.1048628058622121
B,0,2,rv_1d,0.080931039885233716,0.07587741559418841
B,0,2,mean_body_ratio_3d,0.078675359642544129,0.073762588113102434
B,0,2,volume_cv_3d,0.078119952470227308,0.073241862555916484
B,0,2,rv_4h,0.067864140588186628,0.06362646033776953
B,0,2,volume_ratio_1d_3d,0.046771031362065257,0.043850480476474815
B,0,2,rv_ratio_1d_3d,0.039355835511641478,0.036898316040520691
B,0,2,mean_upper_wick_ratio_3d,0.039254029999170534,0.036802867629249919
B,0,2,return_2d,0.038895394749779197,0.036466626850639131
B,0,2,return_3d,0.037187365760641015,0.034865253315348552
B,0,2,return_4h,0.034469705190025242,0.032317293214341916
B,0,2,breakout_rate_3d,0.025613846885398844,0.024014426453006943
B,0,2,max_runup_3d,0.021654342848410987,0.020302168044027687
B,0,2,mean_lower_wick_ratio_3d,0.01776742158537294,0.016657960080363091
B,0,2,return_1d,0.016523621006974513,0.015491826869455855
B,0,2,directional_efficiency_3d,0.016284648042973929,0.015267776234112964
B,0,2,return_12h,0.014083004764598108,0.01320361145555124
B,0,2,close_location_3d,0.0049072456912140489,0.0046008196763943441
B,0,2,return_autocorr_1d,0.0038384468043656007,0.0035987604239862661
B,0,2,return_autocorr_3d,0.0023567512714436872,0.0022095872724365176
B,0,2,sign_change_rate_1d,0.0019112889616471442,0.0017919412263717311
B,0,2,sign_change_rate_3d,7.1739137361840366e-05,6.7259488419919622e-05
B,0,2,directional_efficiency_1d,7.1429614667134611e-05,6.6969293431997493e-05
B,1,0,volume_cv_3d,0.017764072008974452,0.18094045244912343
B,1,0,volume_ratio_1d_3d,0.016724413570397102,0.17035074823188665
B,1,0,rv_ratio_1d_3d,0.013600966754339009,0.13853608998163827
B,1,0,rv_1d,0.0089976122512925565,0.091647457344699215
B,1,0,rv_4h,0.0086658255803746392,0.088267960215766883
B,1,0,directional_efficiency_1d,0.006912197289707836,0.070405935327524344
B,1,0,mean_body_ratio_3d,0.0055355398965516601,0.056383642946629529
B,1,0,return_autocorr_1d,0.0050773879304724752,0.051717020114266384
B,1,0,rv_3d,0.0028899394704125529,0.029436210068437781
B,1,0,return_autocorr_3d,0.002812914466388709,0.028651652390956576
B,1,0,mean_lower_wick_ratio_3d,0.0026295717721868412,0.026784168965682933
B,1,0,mean_upper_wick_ratio_3d,0.0016753947589392174,0.017065157445894256
B,1,0,sign_change_rate_3d,0.0013139227439747955,0.013383292730286479
B,1,0,max_drawdown_3d,0.0013049923633112357,0.013292330077298409
B,1,0,range_ratio_3d,0.0011475824581989331,0.011688991640221339
B,1,0,max_runup_3d,0.00076460792800818001,0.0077881076123814908
B,1,0,directional_efficiency_3d,0.00018511987295591705,0.0018855853293685023
B,1,0,return_4h,7.1161341075670953e-05,0.00072483185412743913
B,1,0,return_3d,3.5732382387889964e-05,0.00036396122651853401
B,1,0,breakout_rate_3d,2.3671703566827066e-05,0.00024111412920750104
B,1,0,close_location_3d,1.6456294075020967e-05,0.00016761974923687698
B,1,0,sign_change_rate_1d,1.1410968458317377e-05,0.00011622930793612684
B,1,0,return_12h,8.642262794958913e-06,8.8027955499960216e-05
B,1,0,return_2d,7.1724211062067712e-06,7.3056510886527229e-05
B,1,0,return_1d,3.4989511270034081e-08,3.5639452468866513e-07
B,2,3,rv_3d,0.14823405669775228,0.17249985445822505
B,2,3,mean_body_ratio_3d,0.13194602307137393,0.15354548261849421
B,2,3,rv_1d,0.095688837307033967,0.11135302424055177
B,2,3,mean_lower_wick_ratio_3d,0.080550066657162994,0.093736048816989812
B,2,3,range_ratio_3d,0.070153116968061993,0.081637126692526318
B,2,3,max_runup_3d,0.069930835020622653,0.081378457366217863
B,2,3,volume_cv_3d,0.061420157005307056,0.071474588095634672
B,2,3,rv_4h,0.049263458146285272,0.057327847254900956
B,2,3,max_drawdown_3d,0.04784297602371728,0.055674833333119754
B,2,3,breakout_rate_3d,0.022603132339657314,0.026303247214241619
B,2,3,mean_upper_wick_ratio_3d,0.020604543652074231,0.023977491140299102
B,2,3,sign_change_rate_3d,0.010887737613121605,0.012670051643208509
B,2,3,directional_efficiency_3d,0.010158919936496981,0.011821927089748618
B,2,3,sign_change_rate_1d,0.008888498789005805,0.010343539005897424
B,2,3,directional_efficiency_1d,0.0059798651351034085,0.0069587643249109949
B,2,3,return_autocorr_1d,0.0059640186233713317,0.0069403237517502167
B,2,3,return_autocorr_3d,0.003874559053625843,0.0045088213041557454
B,2,3,close_location_3d,0.0036739450978640936,0.0042753670026132087
B,2,3,return_3d,0.0036425015631950191,0.0042387761862050267
B,2,3,rv_ratio_1d_3d,0.0024844470832435829,0.0028911491044363918
B,2,3,return_2d,0.0024467260857035139,0.0028472532094535783
B,2,3,volume_ratio_1d_3d,0.0020699656027609922,0.0024088173336432586
B,2,3,return_12h,0.00070529958316583111,0.00082075656671546455
B,2,3,return_4h,0.00025245633830015869,0.00029378324107144367
B,2,3,return_1d,6.2446553590134445e-05,7.2669004989049069e-05
B,3,1,rv_1d,1.0224437470232228,0.18472902213198844
B,3,1,volume_cv_3d,0.94926586678636593,0.17150768032496647
B,3,1,rv_4h,0.83434865130605129,0.15074512502193388
B,3,1,rv_3d,0.78868737761330965,0.14249531913958671
B,3,1,range_ratio_3d,0.7165471064400567,0.12946144633340992
B,3,1,max_runup_3d,0.50614784557076598,0.091447766039667144
B,3,1,max_drawdown_3d,0.47803819115832541,0.086369081772492154
B,3,1,return_4h,0.076972474277407929,0.013906926367091609
B,3,1,mean_body_ratio_3d,0.052240589457191608,0.0094385173112183762
B,3,1,mean_upper_wick_ratio_3d,0.022589036327466346,0.0040812520041574899
B,3,1,return_autocorr_1d,0.01893501206877957,0.003421064751686141
B,3,1,return_autocorr_3d,0.01750235277574436,0.0031622204377361345
B,3,1,mean_lower_wick_ratio_3d,0.013632821916034769,0.002463096741293332
B,3,1,breakout_rate_3d,0.0069609157623890163,0.0012576566345806617
B,3,1,rv_ratio_1d_3d,0.0067759141599627662,0.0012242316513397247
B,3,1,directional_efficiency_1d,0.005033510883033142,0.00090942464660827413
B,3,1,directional_efficiency_3d,0.0050003923935843138,0.00090344099597890442
B,3,1,return_12h,0.0046557696872011724,0.00084117662618840561
B,3,1,sign_change_rate_3d,0.0017705575255044204,0.0003198937460052127
B,3,1,return_1d,0.0017064913462164781,0.00030831865183885809
B,3,1,volume_ratio_1d_3d,0.0014676463189237574,0.00026516556056970072
B,3,1,return_2d,0.0014623152263669821,0.00026420237064578029
B,3,1,sign_change_rate_1d,0.001340500032414219,0.00024219352984135672
B,3,1,close_location_3d,0.0012270415584542808,0.00022169453123314182
B,3,1,return_3d,7.7945229381078652e-05,1.4082677942274271e-05
