anchor_at,component_index,component_fingerprint,squared_mahalanobis,threshold,top_feature_contributions
2021-01-12T00:00:00Z,3,e37692350fa4ad4230e3336e,56.94055257347231,46.927890160080743,rv_1d=7.5853519840869383|rv_4h=6.9856143488055702|max_drawdown_3d=6.4826518893753668|rv_3d=6.280161885245727|range_ratio_3d=6.0015361420838396
2021-05-05T00:00:00Z,0,39e3bacf11776871a5ff8111,52.942217973529992,46.927890160080743,rv_4h=6.5969261083600994|rv_1d=6.5590120583136944|return_1d=5.836157026354714|return_12h=4.5133874246126577|return_4h=3.3885390898948518
2021-05-20T00:00:00Z,3,e37692350fa4ad4230e3336e,68.445710745000753,46.927890160080743,range_ratio_3d=8.3135735913486393|rv_4h=7.6609643598016692|rv_1d=7.5853519840869383|max_drawdown_3d=6.4826518893753668|rv_3d=6.280161885245727
2021-05-21T00:00:00Z,3,e37692350fa4ad4230e3336e,60.991205960788854,46.927890160080743,range_ratio_3d=8.3135735913486393|rv_1d=7.5853519840869383|rv_4h=6.9285547192692025|max_drawdown_3d=6.4826518893753668|max_runup_3d=6.2877350390357467
2021-05-22T00:00:00Z,3,e37692350fa4ad4230e3336e,59.90374407288143,46.927890160080743,range_ratio_3d=8.3135735913486393|rv_4h=7.6609643598016692|rv_1d=7.5853519840869383|max_drawdown_3d=6.4826518893753668|max_runup_3d=6.2877350390357467
2021-08-21T00:00:00Z,2,dddf565fe433ec33a8d07106,47.46444072571947,46.927890160080743,breakout_rate_3d=8.4573035340673801|return_2d=7.982888093502333|return_12h=4.7227793917996763|return_3d=3.7443645871443656|mean_upper_wick_ratio_3d=3.1137663742885868
2021-11-09T00:00:00Z,2,dddf565fe433ec33a8d07106,72.753914784216136,46.927890160080743,return_2d=7.0544386043929812|mean_upper_wick_ratio_3d=6.8713533063362542|return_autocorr_1d=6.5116480942383488|return_4h=6.4665989233780943|return_1d=5.3571416579040889
2021-12-05T00:00:00Z,3,e37692350fa4ad4230e3336e,49.250922618601912,46.927890160080743,range_ratio_3d=8.3135735913486393|rv_1d=6.1301206078957016|volume_cv_3d=3.2624174845942693|max_drawdown_3d=3.2540971834384846|rv_ratio_1d_3d=3.0402669497439576
2022-02-06T00:00:00Z,2,dddf565fe433ec33a8d07106,57.181271737071995,46.927890160080743,return_2d=9.4913319651135613|max_runup_3d=8.7153580436327367|return_autocorr_3d=7.947569648295973|return_3d=6.3572855596282736|range_ratio_3d=6.0859032285903849
2022-02-07T00:00:00Z,2,dddf565fe433ec33a8d07106,67.97912906464461,46.927890160080743,return_3d=8.9784296335926204|return_autocorr_3d=8.8732593236316326|directional_efficiency_3d=8.7154843147094638|max_runup_3d=8.2177460166636216|sign_change_rate_1d=7.4548189666662985
2022-02-18T00:00:00Z,0,39e3bacf11776871a5ff8111,47.378546930053908,46.927890160080743,directional_efficiency_1d=9.6396110409750033|return_1d=7.7271043738684071|return_12h=7.0499499622905635|return_2d=6.8954976131453485|max_drawdown_3d=2.4231095469868982
2022-02-19T00:00:00Z,0,39e3bacf11776871a5ff8111,52.022462044934329,46.927890160080743,return_autocorr_1d=7.2728490005162421|return_2d=6.4817904777753483|return_3d=6.2245637313386997|directional_efficiency_3d=5.8210351603505019|max_drawdown_3d=4.4604041519274702
2022-02-20T00:00:00Z,0,39e3bacf11776871a5ff8111,49.157388900266774,46.927890160080743,mean_lower_wick_ratio_3d=5.8315613296118691|rv_ratio_1d_3d=4.4732129573418007|directional_efficiency_3d=4.1176787409578006|return_3d=3.7083911271070455|return_autocorr_3d=3.3598152373500829
2022-03-06T00:00:00Z,0,39e3bacf11776871a5ff8111,57.235586100859415,46.927890160080743,max_drawdown_3d=7.1944723351299871|range_ratio_3d=6.4596788871685265|mean_lower_wick_ratio_3d=6.348044067305632|return_3d=6.2816982428359225|mean_body_ratio_3d=6.2485606434872114
2022-05-08T00:00:00Z,0,39e3bacf11776871a5ff8111,53.843034683588193,46.927890160080743,directional_efficiency_3d=8.527093316334641|range_ratio_3d=7.3335889194938924|max_drawdown_3d=7.0286521838511282|return_3d=6.9346394950563033|volume_cv_3d=5.7538995626041656
2022-05-10T00:00:00Z,3,e37692350fa4ad4230e3336e,48.84712773196074,46.927890160080743,rv_4h=5.2848212620277284|volume_ratio_1d_3d=5.0770610520443604|directional_efficiency_3d=3.8873832696552308|return_1d=3.7405612773905044|return_12h=3.5559888263633201
2022-06-02T00:00:00Z,0,39e3bacf11776871a5ff8111,52.217783163210001,46.927890160080743,max_runup_3d=9.9429092293721393|sign_change_rate_1d=6.4878875812737817|return_12h=5.7074240604951409|sign_change_rate_3d=4.5906749978236565|directional_efficiency_1d=4.551105722010961
2022-06-14T00:00:00Z,3,e37692350fa4ad4230e3336e,68.079978862947371,46.927890160080743,range_ratio_3d=7.9385436653059873|sign_change_rate_3d=6.7435404189557433|max_drawdown_3d=6.3767902364353821|breakout_rate_3d=5.6133312197544569|directional_efficiency_3d=5.0134179928377938
2022-06-15T00:00:00Z,3,e37692350fa4ad4230e3336e,52.311233488451201,46.927890160080743,range_ratio_3d=8.3135735913486393|max_drawdown_3d=6.4826518893753668|mean_lower_wick_ratio_3d=6.0595406413031743|breakout_rate_3d=5.6133312197544569|rv_1d=3.6914394091606249
2022-09-17T00:00:00Z,1,b03e2a19935047396af5f0d5,53.467155701401808,46.927890160080743,return_autocorr_1d=6.5231240979905332|sign_change_rate_1d=5.6312808495156652|sign_change_rate_3d=5.0971063845573976|rv_3d=4.6629306747005508|mean_lower_wick_ratio_3d=4.4039711581179537
2022-10-16T00:00:00Z,0,39e3bacf11776871a5ff8111,59.16363713506928,46.927890160080743,rv_ratio_1d_3d=8.7045405725248788|return_autocorr_1d=5.7430725906605931|rv_1d=5.6936672592535382|volume_ratio_1d_3d=5.6528520459133613|max_runup_3d=5.1436901263692985
2022-11-10T00:00:00Z,3,e37692350fa4ad4230e3336e,56.426960762858542,46.927890160080743,range_ratio_3d=8.3135735913486393|max_drawdown_3d=6.4826518893753668|return_4h=5.0040570013539636|directional_efficiency_3d=4.4701403435629112|mean_upper_wick_ratio_3d=3.9366324926900931
2022-11-29T00:00:00Z,1,b03e2a19935047396af5f0d5,48.4858653905343,46.927890160080743,return_autocorr_1d=8.4870832967547578|return_autocorr_3d=7.6683429822955835|mean_upper_wick_ratio_3d=6.7228756949557376|rv_ratio_1d_3d=4.2386694848997353|volume_ratio_1d_3d=4.207226126450081
2022-12-18T00:00:00Z,0,39e3bacf11776871a5ff8111,48.7725528613975,46.927890160080743,return_autocorr_3d=6.7108102212001368|directional_efficiency_3d=6.6292109543079922|rv_1d=5.5194537382282016|rv_ratio_1d_3d=3.9985084592428843|sign_change_rate_1d=3.6478151550632854
2022-12-19T00:00:00Z,1,b03e2a19935047396af5f0d5,51.738896486801252,46.927890160080743,directional_efficiency_3d=11.825941108720986|return_autocorr_3d=11.447624238850523|return_3d=5.3042238655079181|max_drawdown_3d=3.4462190036137246|sign_change_rate_3d=2.4196935489110807
2023-01-09T00:00:00Z,1,b03e2a19935047396af5f0d5,52.53780124629526,46.927890160080743,directional_efficiency_1d=11.779163319283462|directional_efficiency_3d=10.696927876538476|return_4h=5.2454954139745817|close_location_3d=3.6166504759930489|rv_3d=3.5516194569987096
2023-01-11T00:00:00Z,1,b03e2a19935047396af5f0d5,48.35927706763735,46.927890160080743,directional_efficiency_3d=14.530135334534689|directional_efficiency_1d=6.6828461034020643|close_location_3d=3.8425856256547437|return_3d=3.1329602538898911|mean_lower_wick_ratio_3d=3.0573266940687516
2023-01-13T00:00:00Z,2,dddf565fe433ec33a8d07106,54.414084810462874,46.927890160080743,directional_efficiency_3d=8.6793949995879789|volume_ratio_1d_3d=7.344897405038374|rv_ratio_1d_3d=6.39931020076863|volume_cv_3d=5.2534934973807834|rv_1d=4.0793467604425429
2023-01-21T00:00:00Z,3,e37692350fa4ad4230e3336e,52.085471130771971,46.927890160080743,mean_upper_wick_ratio_3d=8.0658881369080966|directional_efficiency_1d=5.8939618482365033|mean_body_ratio_3d=4.942764481959288|return_4h=4.9333012059434713|return_autocorr_3d=3.6383166905630713
2023-01-22T00:00:00Z,2,dddf565fe433ec33a8d07106,56.486467685041056,46.927890160080743,return_4h=7.1056057325768363|mean_upper_wick_ratio_3d=6.8713533063362542|mean_body_ratio_3d=4.8307954097212367|rv_4h=3.9346250426576477|max_runup_3d=3.9229349990168321
2023-02-16T00:00:00Z,3,e37692350fa4ad4230e3336e,48.544041235537655,46.927890160080743,directional_efficiency_1d=5.8939618482365033|directional_efficiency_3d=5.4580953947157909|return_12h=3.6187178933868469|return_autocorr_1d=3.6157780873073682|return_autocorr_3d=3.2259913801792677
2023-03-05T00:00:00Z,0,39e3bacf11776871a5ff8111,52.123246999919907,46.927890160080743,return_autocorr_3d=8.7391052030289647|rv_ratio_1d_3d=8.1698557142801693|rv_1d=6.1727573682184875|directional_efficiency_3d=5.3477949284369819|volume_cv_3d=4.2294439976272873
2023-04-11T00:00:00Z,2,dddf565fe433ec33a8d07106,58.619035231810408,46.927890160080743,directional_efficiency_3d=7.694985966800366|directional_efficiency_1d=6.6486372756059495|sign_change_rate_3d=6.136790818673699|rv_ratio_1d_3d=5.0331895366385559|volume_ratio_1d_3d=4.9368446897644178
2023-05-29T00:00:00Z,2,dddf565fe433ec33a8d07106,54.438151341804463,46.927890160080743,directional_efficiency_1d=9.3183649527874497|directional_efficiency_3d=7.4438531990860533|mean_upper_wick_ratio_3d=6.8713533063362542|return_autocorr_1d=3.9781348713520934|mean_lower_wick_ratio_3d=3.8912023318847528
2023-06-06T00:00:00Z,0,39e3bacf11776871a5ff8111,61.804948083691919,46.927890160080743,volume_cv_3d=11.81448985194773|directional_efficiency_3d=8.0364287550294922|directional_efficiency_1d=7.935957810456963|volume_ratio_1d_3d=7.3454390898428601|rv_ratio_1d_3d=4.343630768352158
2023-07-02T00:00:00Z,1,b03e2a19935047396af5f0d5,49.797017509203997,46.927890160080743,volume_cv_3d=8.6134082030831731|mean_upper_wick_ratio_3d=7.015276423048979|return_autocorr_1d=5.9032911101505032|sign_change_rate_1d=5.6312808495156652|mean_body_ratio_3d=4.706455852948852
2023-07-04T00:00:00Z,1,b03e2a19935047396af5f0d5,59.060087322061932,46.927890160080743,return_autocorr_3d=8.4714386241948727|mean_upper_wick_ratio_3d=7.015276423048979|directional_efficiency_3d=4.9289918728100002|mean_body_ratio_3d=4.706455852948852|return_12h=4.252485045818009
2023-07-16T00:00:00Z,1,b03e2a19935047396af5f0d5,53.267347839500538,46.927890160080743,return_2d=7.881944672617168|return_autocorr_1d=6.5231240979905332|volume_cv_3d=5.1032366191200662|rv_ratio_1d_3d=4.3429427165935772|max_drawdown_3d=3.872291468253735
2023-07-17T00:00:00Z,1,b03e2a19935047396af5f0d5,63.644952417777127,46.927890160080743,directional_efficiency_3d=18.287132007326605|volume_cv_3d=8.515262497771463|return_autocorr_1d=6.5231240979905332|return_3d=6.2482835323610431|sign_change_rate_3d=5.0971063845573976
2023-08-15T00:00:00Z,1,b03e2a19935047396af5f0d5,51.162138563962728,46.927890160080743,volume_ratio_1d_3d=11.352188017582192|rv_ratio_1d_3d=7.930727843187765|volume_cv_3d=4.9475424719671697|mean_upper_wick_ratio_3d=4.5177336588405552|sign_change_rate_3d=3.9766527615502656
2023-08-18T00:00:00Z,3,e37692350fa4ad4230e3336e,76.506760027341954,46.927890160080743,return_autocorr_3d=10.715611815273075|return_autocorr_1d=9.5926009265522438|volume_cv_3d=8.5829108121672366|rv_4h=7.6609643598016692|rv_1d=7.5853519840869383
2023-08-30T00:00:00Z,3,e37692350fa4ad4230e3336e,60.919616880577159,46.927890160080743,volume_cv_3d=11.10807301099107|volume_ratio_1d_3d=6.9258896801007825|return_autocorr_3d=6.6408152713389832|return_autocorr_1d=5.8691005432623653|directional_efficiency_3d=5.0281228254814412
2023-09-01T00:00:00Z,0,39e3bacf11776871a5ff8111,54.590110616320047,46.927890160080743,volume_cv_3d=15.530771777258437|return_autocorr_3d=8.7391052030289647|directional_efficiency_1d=7.9469048919975762|return_12h=4.0248804182218558|max_runup_3d=3.8135025290702247
2023-09-03T00:00:00Z,0,39e3bacf11776871a5ff8111,59.978249199919702,46.927890160080743,rv_ratio_1d_3d=6.8377850309200321|rv_1d=6.735103325749602|volume_cv_3d=5.8904465275647873|volume_ratio_1d_3d=5.6392383439867153|directional_efficiency_3d=4.557194963571801
2023-09-12T00:00:00Z,0,39e3bacf11776871a5ff8111,53.141077696673875,46.927890160080743,volume_cv_3d=15.530771777258437|volume_ratio_1d_3d=8.0468286846114108|rv_ratio_1d_3d=5.1623452129398792|rv_3d=4.7838108505976065|max_runup_3d=3.1938398568522692
2023-10-02T00:00:00Z,2,dddf565fe433ec33a8d07106,69.025458740437458,46.927890160080743,rv_4h=13.124759400680759|return_4h=10.835032646346635|volume_cv_3d=10.511393347045388|directional_efficiency_1d=9.3183649527874497|sign_change_rate_3d=5.6455765896766534
2023-10-17T00:00:00Z,3,e37692350fa4ad4230e3336e,52.435726258029312,46.927890160080743,volume_cv_3d=11.10807301099107|return_autocorr_3d=10.715611815273075|return_autocorr_1d=7.5100067074922263|volume_ratio_1d_3d=6.9258896801007825|rv_ratio_1d_3d=3.3676066318819564
2023-10-18T00:00:00Z,2,dddf565fe433ec33a8d07106,70.341609910321182,46.927890160080743,volume_cv_3d=15.407014526656225|return_autocorr_3d=11.721070317620507|close_location_3d=11.227198130736463|rv_ratio_1d_3d=6.3235949489668712|range_ratio_3d=6.1436298943327223
2023-10-19T00:00:00Z,2,dddf565fe433ec33a8d07106,80.177667934146896,46.927890160080743,close_location_3d=15.610973459152904|volume_cv_3d=15.407014526656225|return_autocorr_3d=11.721070317620507|rv_ratio_1d_3d=6.2258495934212048|sign_change_rate_1d=4.3043164316672415
2023-10-24T00:00:00Z,3,e37692350fa4ad4230e3336e,51.06581822516867,46.927890160080743,rv_4h=7.6609643598016692|volume_ratio_1d_3d=6.9258896801007825|volume_cv_3d=5.4168557608294918|return_4h=4.9333012059434713|rv_ratio_1d_3d=3.3676066318819564
2023-12-06T00:00:00Z,2,dddf565fe433ec33a8d07106,54.633888576931824,46.927890160080743,return_2d=7.8254020442912484|return_12h=6.2911810336660894|return_3d=5.7670529567134876|directional_efficiency_3d=5.2383536220952669|max_runup_3d=4.6211315627359015
2023-12-12T00:00:00Z,0,39e3bacf11776871a5ff8111,58.9597585066807,46.927890160080743,volume_ratio_1d_3d=8.1062506224639961|rv_ratio_1d_3d=6.380446482184297|volume_cv_3d=6.128627166809328|rv_1d=4.7078028467300097|sign_change_rate_1d=4.4165833022422083
2024-01-12T00:00:00Z,0,39e3bacf11776871a5ff8111,50.589352005011598,46.927890160080743,rv_3d=9.5592099989497754|return_autocorr_3d=6.9127558454203584|mean_upper_wick_ratio_3d=6.0492112343563855|max_runup_3d=5.7563115053277718|volume_cv_3d=3.2357979605571061
2024-02-10T00:00:00Z,2,dddf565fe433ec33a8d07106,47.408828156397092,46.927890160080743,breakout_rate_3d=10.430389710659835|directional_efficiency_3d=4.2133542833752715|return_autocorr_3d=3.9682649899177451|mean_lower_wick_ratio_3d=3.5481471162736078|max_runup_3d=3.3419231540876484
2024-02-27T00:00:00Z,2,dddf565fe433ec33a8d07106,66.556851254641174,46.927890160080743,volume_cv_3d=9.6909526567037378|return_12h=9.4571382999805476|volume_ratio_1d_3d=9.1102019911837608|directional_efficiency_3d=6.2947141464640968|rv_ratio_1d_3d=5.1561015314841745
2024-02-28T00:00:00Z,2,dddf565fe433ec33a8d07106,50.074432058833594,46.927890160080743,return_2d=7.8191050088689131|breakout_rate_3d=6.6908994749841391|directional_efficiency_3d=4.8525071205818504|return_3d=4.0702198469963218|max_runup_3d=3.9040672632324411
2024-03-10T00:00:00Z,1,b03e2a19935047396af5f0d5,52.586089599561276,46.927890160080743,volume_cv_3d=7.936425334351795|max_runup_3d=5.4616419749576215|sign_change_rate_1d=4.9286907158820545|range_ratio_3d=4.5516374770990549|rv_3d=4.3295607556993554
2024-06-25T00:00:00Z,0,39e3bacf11776871a5ff8111,51.534514353007964,46.927890160080743,volume_ratio_1d_3d=9.5948012275480874|volume_cv_3d=6.570759732277021|rv_ratio_1d_3d=6.380446482184297|directional_efficiency_3d=5.4602839559246474|breakout_rate_3d=5.1390975887922759
2024-07-16T00:00:00Z,2,dddf565fe433ec33a8d07106,58.166326447484145,46.927890160080743,directional_efficiency_3d=8.7154843147094638|return_2d=5.8186281687032251|return_3d=5.7449787037612507|directional_efficiency_1d=5.5821976772575361|mean_lower_wick_ratio_3d=4.7921121487802392
2024-08-10T00:00:00Z,2,dddf565fe433ec33a8d07106,48.628861532072861,46.927890160080743,return_2d=8.0407967788304369|max_runup_3d=6.0433707712350921|range_ratio_3d=5.4305412160744559|rv_4h=5.4285164832481758|return_autocorr_1d=5.1667953828719959
2024-08-11T00:00:00Z,2,dddf565fe433ec33a8d07106,58.276295421649671,46.927890160080743,max_runup_3d=5.4953204298797402|sign_change_rate_1d=5.2589508491303514|rv_ratio_1d_3d=5.2135648566921038|return_autocorr_3d=5.1889306611452994|range_ratio_3d=4.8855215173967208
2024-09-15T00:00:00Z,1,b03e2a19935047396af5f0d5,48.958469646358125,46.927890160080743,return_3d=8.1643324217075754|directional_efficiency_3d=7.1099253075385995|return_2d=5.7017128380876478|max_runup_3d=4.3372657088470099|mean_lower_wick_ratio_3d=3.9520150478942671
2024-10-08T00:00:00Z,0,39e3bacf11776871a5ff8111,60.763012403045288,46.927890160080743,mean_body_ratio_3d=9.593707804097301|mean_lower_wick_ratio_3d=8.7344777197142633|volume_ratio_1d_3d=7.3650193000958186|rv_ratio_1d_3d=4.6285306396717285|sign_change_rate_1d=4.4165833022422083
2024-10-22T00:00:00Z,1,b03e2a19935047396af5f0d5,54.801233516660353,46.927890160080743,volume_ratio_1d_3d=6.8497508839214998|breakout_rate_3d=6.3589837599979093|return_1d=6.0619149205390439|mean_lower_wick_ratio_3d=5.6640473798677249|rv_ratio_1d_3d=5.2173279099209493
2024-12-08T00:00:00Z,2,dddf565fe433ec33a8d07106,52.338996911483292,46.927890160080743,max_drawdown_3d=8.1267453465427604|range_ratio_3d=7.5431758951549295|rv_ratio_1d_3d=7.4015425439251477|volume_ratio_1d_3d=5.1158274258713696|return_autocorr_3d=4.2496008582222347
2024-12-20T00:00:00Z,0,39e3bacf11776871a5ff8111,49.963167818725651,46.927890160080743,mean_upper_wick_ratio_3d=6.0492112343563855|mean_body_ratio_3d=5.8539549537369231|max_drawdown_3d=5.210996960084743|rv_4h=5.046161181986216|return_2d=5.0063915578116722
2025-01-14T00:00:00Z,2,dddf565fe433ec33a8d07106,48.477176603456982,46.927890160080743,volume_ratio_1d_3d=11.85325400103665|rv_ratio_1d_3d=6.389241810489235|return_4h=5.3223319447280533|volume_cv_3d=3.593438573091936|return_12h=2.5175991697493867
2025-01-20T00:00:00Z,0,39e3bacf11776871a5ff8111,54.360246144672807,46.927890160080743,rv_4h=14.374839985889807|return_4h=14.084359555404035|mean_body_ratio_3d=7.3762505322606762|mean_lower_wick_ratio_3d=5.8240820963078566|return_3d=3.0052352405542346
2025-01-23T00:00:00Z,0,39e3bacf11776871a5ff8111,47.944631545374726,46.927890160080743,rv_3d=8.4674477052249859|max_runup_3d=7.2586292158978161|rv_ratio_1d_3d=6.5254967040800258|return_3d=4.3200411115722881|volume_ratio_1d_3d=3.6636904906168555
2025-02-05T00:00:00Z,0,39e3bacf11776871a5ff8111,56.676346789038917,46.927890160080743,max_runup_3d=9.1117663815456886|mean_lower_wick_ratio_3d=7.1831628138728147|mean_body_ratio_3d=6.824112439631171|sign_change_rate_3d=6.7414347853353407|close_location_3d=4.7374763411220258
2025-02-22T00:00:00Z,0,39e3bacf11776871a5ff8111,48.101440347866976,46.927890160080743,breakout_rate_3d=13.382553988321177|mean_lower_wick_ratio_3d=8.7344777197142633|mean_body_ratio_3d=3.6006493847283307|mean_upper_wick_ratio_3d=2.6425531757300478|sign_change_rate_1d=2.1402632315278542
2025-02-25T00:00:00Z,0,39e3bacf11776871a5ff8111,55.52610314454359,46.927890160080743,breakout_rate_3d=10.958764305198756|volume_ratio_1d_3d=6.3699370878173678|rv_ratio_1d_3d=4.0572686172869492|directional_efficiency_1d=3.9135073869572987|return_4h=3.8199457114860373
2025-06-08T00:00:00Z,1,b03e2a19935047396af5f0d5,51.337113395160635,46.927890160080743,return_2d=8.8289810971269436|sign_change_rate_3d=6.8588608673840099|mean_body_ratio_3d=5.4755843309721435|close_location_3d=4.4729107195536377|max_runup_3d=3.29425356712767
2025-06-09T00:00:00Z,1,b03e2a19935047396af5f0d5,54.676745607022632,46.927890160080743,directional_efficiency_3d=18.341007040969217|return_3d=6.5274691740869235|mean_lower_wick_ratio_3d=3.662085031756777|mean_body_ratio_3d=3.0519133089987922|max_drawdown_3d=3.0290618210155444
2025-06-10T00:00:00Z,2,dddf565fe433ec33a8d07106,51.146371413637446,46.927890160080743,directional_efficiency_3d=5.6695745128623338|directional_efficiency_1d=5.2602568618565977|volume_ratio_1d_3d=4.9182831966948939|mean_lower_wick_ratio_3d=4.7485391239183636|rv_ratio_1d_3d=4.2661446852500919
2025-06-17T00:00:00Z,1,b03e2a19935047396af5f0d5,54.715205285384968,46.927890160080743,breakout_rate_3d=14.891214526248758|return_4h=11.47995561592348|rv_4h=7.9666479001254684|mean_body_ratio_3d=3.9256983369536242|volume_ratio_1d_3d=3.6226583521049709
