record_type,sample_scope,spacing_days,offset,offset_origin_anchor,half_label,primary_component_index,primary_component_fingerprint,half_component_index,half_component_fingerprint,sample_count,sample_share,centroid_status,metric_name,empirical_centroid,distance,ood_numerator,ood_denominator,ood_rate,distance_source,threshold_source,maximum_drift_half_label,maximum_drift_primary_component_index,maximum_drift_primary_component_fingerprint,maximum_drift_half_component_index,maximum_drift_half_component_fingerprint,maximum_ood_primary_component_index,maximum_ood_primary_component_fingerprint,top_five_drift_features,drift_component_matches_full_sample,ood_component_matches_full_sample,ordered_top5_matches_full_sample,top5_set_matches_full_sample
centroid,full_sample,,,2021-01-01T00:00:00Z,A,0,39e3bacf11776871a5ff8111,3,a40802651dda625eef950cfd,204,0.24878048780487805,computed,full_sample_empirical_centroid_distance,-0.53405414777614513;-0.66223478978721484;-0.7310477842740799;-0.85292184761307321;-0.80591823927941386;0.55940452617253744;0.562563758481335;0.47532436813712486;0.16500008127111632;0.47095431955670158;-0.65369275368342716;0.25780518457003643;0.28246519671826092;-0.15163574390329568;-0.13461138311536;0.13793331557487848;0.13127617321027688;-0.86904210480651711;-0.041680927077286642;0.063725490196078385;-0.1773989141241373;-0.0059543439283356149;0.25850701954427113;-0.28422260816876604;0.17406538352155079,0.86647198846527163,,,,,,B,3,e37692350fa4ad4230e3336e,1,79a3672f5b2e02b1cc6b62e6,0,39e3bacf11776871a5ff8111,,,,,
centroid,full_sample,,,2021-01-01T00:00:00Z,A,1,b03e2a19935047396af5f0d5,0,15d3fc436752e80fbf377325,238,0.29024390243902437,computed,full_sample_empirical_centroid_distance,-0.022593321336351092;-0.043459759012921241;-0.022815360950733332;-0.037681397857813145;-0.049281776571580359;-0.21136461802801093;-0.31947662841695906;-0.25938890081852556;-0.14520178094691794;-0.36972786416962383;-0.095220648346508119;-0.036956626340910355;-0.23447509970215416;0.22810681756086174;0.31879996903844426;-0.14464641103538647;-0.17842738675942435;0.19330950561463212;-0.26571006474269054;-0.49474789915966383;-0.34722109856904915;0.21682001124695754;0.24120373612228715;-0.051545133610433579;-0.074634468913443414,0.75721265132792615,,,,,,B,3,e37692350fa4ad4230e3336e,1,79a3672f5b2e02b1cc6b62e6,0,39e3bacf11776871a5ff8111,,,,,
centroid,full_sample,,,2021-01-01T00:00:00Z,A,2,dddf565fe433ec33a8d07106,1,3de9bb954a2c15cb4492c426,252,0.3073170731707317,computed,full_sample_empirical_centroid_distance,0.43255467622789262;0.6834515287739682;0.81472526280269586;0.91717473927551929;0.93023361360106771;0.50493962276920101;0.53979862305132842;0.5839466146304666;0.031026149686313353;0.55260333736775036;0.52632445711730225;0.31090290332989978;0.41538526900719763;-0.026184708788395;-0.07680742348623279;0.19113780842362868;0.17297855611982099;-0.071609913847177561;1.0405577628560241;0.23412698412698404;-0.17377119738689575;0.32628874544282249;-0.058539947024580624;-0.39722968639453826;0.050049618390736489,1.1107065000857654,,,,,,B,3,e37692350fa4ad4230e3336e,1,79a3672f5b2e02b1cc6b62e6,0,39e3bacf11776871a5ff8111,,,,,
centroid,full_sample,,,2021-01-01T00:00:00Z,A,3,e37692350fa4ad4230e3336e,2,5ae28957385af58ebee4cf8e,126,0.15365853658536585,computed,full_sample_empirical_centroid_distance,0.080676353272315662;-0.14665424064495039;-0.26617936800196557;-0.36983201281896633;-0.49740876318259719;2.3944971831275317;2.5676289966922132;2.4970035707883964;0.23564795979320727;2.4925280238571466;-0.14672956282438071;0.22796423076507685;0.41026085143621965;-0.20627809068669239;-0.31534497986050902;0.26186808034442677;0.37166365169260601;-2.3488672076564647;1.8041224646614411;0.59920634920634908;0.16828724505898493;-0.18854007638078749;0.036571157553301314;-0.32871820847326544;0.23966285758190714,1.8682624693190255,,,,,,B,3,e37692350fa4ad4230e3336e,1,79a3672f5b2e02b1cc6b62e6,0,39e3bacf11776871a5ff8111,,,,,
centroid,full_sample,,,2021-01-01T00:00:00Z,B,0,39e3bacf11776871a5ff8111,2,9511ccf67a32c14786b9505f,184,0.22411693057247259,computed,full_sample_empirical_centroid_distance,-0.15463739807927224;-0.52558647823189764;-0.49979592111444587;-0.46276410703548704;-0.44454054150104255;0.049705233989352435;-0.022810446988170436;-0.21857055755520532;0.39899126776282129;-0.14065078219541288;-0.52252809705522751;0.27299688790522753;0.092059192064774392;-0.1362007168458777;-0.10469940773944972;0.20517464282132244;0.073935550192986366;-0.19268385426135207;-0.29467436642494732;0.28532608695652162;0.30515682251512088;-0.3161929677464741;0.012985561859699809;0.32930092546983891;0.44580428786352599,1.0304161295854228,,,,,,B,3,e37692350fa4ad4230e3336e,1,79a3672f5b2e02b1cc6b62e6,0,39e3bacf11776871a5ff8111,,,,,
centroid,full_sample,,,2021-01-01T00:00:00Z,B,1,b03e2a19935047396af5f0d5,0,17afd0fca04b61ad4cb40d66,299,0.36419001218026797,computed,full_sample_empirical_centroid_distance,-0.0074806294879499104;-0.0053799504103483982;0.0062922062277481318;-0.02931896214103932;-0.023342250468851501;-0.53015015537142729;-0.65007268578824406;-0.53875365339817372;-0.35044043257445945;-0.55346184407320742;-0.061558457098058017;-0.25022571502815966;-0.27745461795899506;0.16751374283106765;0.15491684875533757;-0.32329771009379354;-0.37924446283129704;0.380201351677524;-0.41955385024786263;-0.4197324414715719;0.049451241909237893;-0.016267566681228276;0.015478961991206842;0.37396334030203543;-0.30114644315315714,0.3113655067533127,,,,,,B,3,e37692350fa4ad4230e3336e,1,79a3672f5b2e02b1cc6b62e6,0,39e3bacf11776871a5ff8111,,,,,
centroid,full_sample,,,2021-01-01T00:00:00Z,B,2,dddf565fe433ec33a8d07106,3,bb123c373acaf6526349830a,203,0.24725943970767356,computed,full_sample_empirical_centroid_distance,0.24808524778688409;0.53579914334711531;0.6385793987015761;0.66013313390772521;0.67346705829589792;-0.10932288322371829;-0.18659270790589752;-0.2036433379556902;0.044797814210660744;-0.04935369474897737;0.59375496241608683;0.37551022248882832;0.51489762867042899;-0.17079363312027229;-0.20398734804103652;0.034105710785457925;0.070749848197869794;0.34630377284632585;0.35815954602450756;0.37561576354679793;0.42865470061280214;0.058026533410730538;-0.49743778677171652;0.24238537385070705;0.10208942702151655,0.92201569457018118,,,,,,B,3,e37692350fa4ad4230e3336e,1,79a3672f5b2e02b1cc6b62e6,0,39e3bacf11776871a5ff8111,,,,,
centroid,full_sample,,,2021-01-01T00:00:00Z,B,3,e37692350fa4ad4230e3336e,1,79a3672f5b2e02b1cc6b62e6,135,0.16443361753958588,computed,full_sample_empirical_centroid_distance,-0.05071116448408116;0.12869686948424564;0.09620422405567744;0.032432087064086464;-0.0034118706870152815;0.91514973245226194;0.90853411223206515;0.84948632121448364;0.23316179819975971;0.95569724186155958;-0.028721578671684393;0.46045528775961903;0.59738805288999541;-0.1600159299084026;-0.21850551950145358;0.079558800947854488;0.17897221962150961;-0.88419241624011102;0.82573750584411865;0.54259259259259252;0.38903509914679157;-0.25995131627221546;-0.14169538384667749;0.8260063175263328;0.37128685743009132,2.2760051902315195,,,,,,B,3,e37692350fa4ad4230e3336e,1,79a3672f5b2e02b1cc6b62e6,0,39e3bacf11776871a5ff8111,,,,,
ood,full_sample,,,2021-01-01T00:00:00Z,,0,39e3bacf11776871a5ff8111,,,,,,,,,24,409,0.058679706601466992,existing_primary_ood_row,frozen_component_chi_square_threshold,B,3,e37692350fa4ad4230e3336e,1,79a3672f5b2e02b1cc6b62e6,0,39e3bacf11776871a5ff8111,,,,,
ood,full_sample,,,2021-01-01T00:00:00Z,,1,b03e2a19935047396af5f0d5,,,,,,,,,16,524,0.030534351145038167,existing_primary_ood_row,frozen_component_chi_square_threshold,B,3,e37692350fa4ad4230e3336e,1,79a3672f5b2e02b1cc6b62e6,0,39e3bacf11776871a5ff8111,,,,,
ood,full_sample,,,2021-01-01T00:00:00Z,,2,dddf565fe433ec33a8d07106,,,,,,,,,21,437,0.048054919908466817,existing_primary_ood_row,frozen_component_chi_square_threshold,B,3,e37692350fa4ad4230e3336e,1,79a3672f5b2e02b1cc6b62e6,0,39e3bacf11776871a5ff8111,,,,,
ood,full_sample,,,2021-01-01T00:00:00Z,,3,e37692350fa4ad4230e3336e,,,,,,,,,15,271,0.055350553505535055,existing_primary_ood_row,frozen_component_chi_square_threshold,B,3,e37692350fa4ad4230e3336e,1,79a3672f5b2e02b1cc6b62e6,0,39e3bacf11776871a5ff8111,,,,,
centroid,offset_subsample,3,0,2021-01-01T00:00:00Z,A,0,39e3bacf11776871a5ff8111,3,a40802651dda625eef950cfd,61,0.22262773722627738,computed,offset_empirical_centroid_distance,-0.56241624115788513;-0.39623437287215918;-0.64360096558856073;-0.93906179151327318;-0.86664590207412295;0.59657433595590514;0.58522212171011456;0.45337983605681614;0.23135989478231517;0.56250508887178297;-0.63384462887679982;0.18302366762042818;0.39241400374198465;-0.19915976261824989;-0.20983392216909602;0.18689365050879123;0.1949362719632089;-0.95820099078660148;-0.070578302929834205;0.036885245901639302;-0.13731749572568358;-0.057629004889761616;0.26270395138625635;-0.23203071610838399;0.16502256617838501,1.009926743194842,,,,,,B,3,e37692350fa4ad4230e3336e,1,79a3672f5b2e02b1cc6b62e6,0,39e3bacf11776871a5ff8111,,,,,
centroid,offset_subsample,3,0,2021-01-01T00:00:00Z,A,1,b03e2a19935047396af5f0d5,0,15d3fc436752e80fbf377325,80,0.29197080291970801,computed,offset_empirical_centroid_distance,0.1423199801516675;0.032704315711555187;0.060369041349112161;-0.001238087951082933;-0.038745209132516861;-0.23315835177770949;-0.29861055165575806;-0.2479435325313202;-0.14854402970840475;-0.35900249385539362;-0.043759672516723698;-0.045595855103818743;-0.24739605555287411;0.2254651152246463;0.36131197938432197;-0.1718275007577108;-0.18135700887884112;0.17745273606278966;-0.24937784245523814;-0.45937499999999998;-0.33476822449709864;0.17111479008418812;0.26523389179550871;-0.038379415502755157;-0.085175530733019644,0.7709731045568865,,,,,,B,3,e37692350fa4ad4230e3336e,1,79a3672f5b2e02b1cc6b62e6,0,39e3bacf11776871a5ff8111,,,,,
centroid,offset_subsample,3,0,2021-01-01T00:00:00Z,A,2,dddf565fe433ec33a8d07106,1,3de9bb954a2c15cb4492c426,91,0.33211678832116787,computed,offset_empirical_centroid_distance,0.50628963120350856;0.73249216031141262;0.90078220941997145;0.88277284923931598;0.86673058900687594;0.48719513633757916;0.53388146928102354;0.60243750464845069;0.012090943935326299;0.54129953055010072;0.53295162139808783;0.38284028087094724;0.35357357937635236;-0.090421611158937973;-0.10216896794907675;0.16763587163530919;0.1675952761463203;-0.10385463929114967;1.0355676690710438;0.17032967032967025;-0.20908855456285336;0.36889731172508577;-0.060073586072074539;-0.4520144716136244;0.032711356452061413,1.1685594107234374,,,,,,B,3,e37692350fa4ad4230e3336e,1,79a3672f5b2e02b1cc6b62e6,0,39e3bacf11776871a5ff8111,,,,,
centroid,offset_subsample,3,0,2021-01-01T00:00:00Z,A,3,e37692350fa4ad4230e3336e,2,5ae28957385af58ebee4cf8e,42,0.15328467153284672,computed,offset_empirical_centroid_distance,0.077480735860601446;-0.39116990206475444;-0.44935474366172973;-0.49912755985702062;-0.54512726376373033;2.484903022744223;2.6132768486794586;2.4546631004944532;0.27678490904418518;2.5625860254523829;-0.20819293253761334;0.16309021311381736;0.46835681227075526;-0.16248506571087168;-0.26729262926026914;0.23201038924695788;0.37442134458934939;-2.4008091109351892;1.7404641084607946;0.59523809523809512;0.1506971279505353;-0.18978187231739538;0.058125378917921369;-0.30847137671849784;0.22432426569771921,2.0886313910497063,,,,,,B,3,e37692350fa4ad4230e3336e,1,79a3672f5b2e02b1cc6b62e6,0,39e3bacf11776871a5ff8111,,,,,
centroid,offset_subsample,3,0,2021-01-01T00:00:00Z,B,0,39e3bacf11776871a5ff8111,2,9511ccf67a32c14786b9505f,58,0.21245421245421245,computed,offset_empirical_centroid_distance,-0.058451253491403211;-0.57266410129392842;-0.50490125829831489;-0.43287203326575996;-0.48704232447245083;-0.0057149541010666398;-0.0034453989264376129;-0.1689264043265411;0.34979552414174614;-0.08130419647033417;-0.48170428012620192;0.23474583520473141;0.16144050872833965;-0.17470028426646855;-0.12275972061816019;0.13625958560042925;0.13615381011112282;-0.24143283276960895;-0.24776385156929404;0.23275862068965508;0.35683296303223283;-0.3793078002748253;0.0013723603173309935;0.27880980662575178;0.40857475442688029,0.99188853581911673,,,,,,B,3,e37692350fa4ad4230e3336e,1,79a3672f5b2e02b1cc6b62e6,0,39e3bacf11776871a5ff8111,,,,,
centroid,offset_subsample,3,0,2021-01-01T00:00:00Z,B,1,b03e2a19935047396af5f0d5,0,17afd0fca04b61ad4cb40d66,102,0.37362637362637363,computed,offset_empirical_centroid_distance,-0.026247969834395243;-0.029749671957865237;-0.021815471671849593;-0.035686687919728947;-0.014283782490151949;-0.53918222089994061;-0.67241417573253026;-0.54076639072213528;-0.42105385819306101;-0.54457076593879927;-0.089645389113766349;-0.24999288136252032;-0.25619040982585922;0.23220184131000124;0.20390013522401546;-0.34022110612973;-0.38242263427522449;0.390915826102266;-0.40043226692052619;-0.47058823529411764;0.020491002909164835;0.00065387858078713289;0.032828726814898096;0.47507281113657768;-0.38703172614270553,0.44102826019149288,,,,,,B,3,e37692350fa4ad4230e3336e,1,79a3672f5b2e02b1cc6b62e6,0,39e3bacf11776871a5ff8111,,,,,
centroid,offset_subsample,3,0,2021-01-01T00:00:00Z,B,2,dddf565fe433ec33a8d07106,3,bb123c373acaf6526349830a,71,0.26007326007326009,computed,offset_empirical_centroid_distance,0.20184882305258817;0.58027351280059092;0.65177103329379482;0.69506259745380194;0.68714822195638481;-0.1280719539612625;-0.16165053051385181;-0.19512281900426759;0.089558429642226878;-0.065861744974983524;0.5920128040263074;0.36470686286487924;0.52135100269704948;-0.022161088345341692;-0.20433777389581168;0.058154406421044851;0.055335914604830061;0.35043644473697955;0.34464050844356248;0.34859154929577452;0.4562266590482667;0.038621676337333773;-0.5082506023324953;0.18213519757468541;0.17382863603540979,0.92734911337110204,,,,,,B,3,e37692350fa4ad4230e3336e,1,79a3672f5b2e02b1cc6b62e6,0,39e3bacf11776871a5ff8111,,,,,
centroid,offset_subsample,3,0,2021-01-01T00:00:00Z,B,3,e37692350fa4ad4230e3336e,1,79a3672f5b2e02b1cc6b62e6,42,0.15384615384615385,computed,offset_empirical_centroid_distance,-0.036186603299353429;0.033707233001200494;-0.12550621261942657;-0.14003792320249411;-0.078506488987492809;1.1599569780990338;0.8653523896573726;0.86122551811446257;0.16223373673477764;0.99658704655590913;-0.078664968824456075;0.35195789213123635;0.59169517946552874;-0.12698412698412651;-0.32404657108023299;0.11636042007443598;0.20003492756972036;-0.96012784967344689;0.7374015086636424;0.45833333333333326;0.36294015976700189;-0.24616513709487695;-0.12058268499031581;0.85083855505741046;0.23704127494120905,2.2400299558656487,,,,,,B,3,e37692350fa4ad4230e3336e,1,79a3672f5b2e02b1cc6b62e6,0,39e3bacf11776871a5ff8111,,,,,
ood,offset_subsample,3,0,2021-01-01T00:00:00Z,,0,39e3bacf11776871a5ff8111,,,,,,,,,6,121,0.049586776859504134,existing_primary_ood_row,frozen_component_chi_square_threshold,B,3,e37692350fa4ad4230e3336e,1,79a3672f5b2e02b1cc6b62e6,0,39e3bacf11776871a5ff8111,,,,,
ood,offset_subsample,3,0,2021-01-01T00:00:00Z,,1,b03e2a19935047396af5f0d5,,,,,,,,,8,170,0.047058823529411764,existing_primary_ood_row,frozen_component_chi_square_threshold,B,3,e37692350fa4ad4230e3336e,1,79a3672f5b2e02b1cc6b62e6,0,39e3bacf11776871a5ff8111,,,,,
ood,offset_subsample,3,0,2021-01-01T00:00:00Z,,2,dddf565fe433ec33a8d07106,,,,,,,,,6,165,0.036363636363636362,existing_primary_ood_row,frozen_component_chi_square_threshold,B,3,e37692350fa4ad4230e3336e,1,79a3672f5b2e02b1cc6b62e6,0,39e3bacf11776871a5ff8111,,,,,
ood,offset_subsample,3,0,2021-01-01T00:00:00Z,,3,e37692350fa4ad4230e3336e,,,,,,,,,4,91,0.043956043956043959,existing_primary_ood_row,frozen_component_chi_square_threshold,B,3,e37692350fa4ad4230e3336e,1,79a3672f5b2e02b1cc6b62e6,0,39e3bacf11776871a5ff8111,,,,,
conclusion,offset_subsample,3,0,2021-01-01T00:00:00Z,,,,,,,,,,,,,,,,,B,3,e37692350fa4ad4230e3336e,1,79a3672f5b2e02b1cc6b62e6,0,39e3bacf11776871a5ff8111,rv_1d;volume_cv_3d;rv_3d;range_ratio_3d;max_runup_3d,true,true,false,false
centroid,offset_subsample,3,1,2021-01-01T00:00:00Z,A,0,39e3bacf11776871a5ff8111,3,a40802651dda625eef950cfd,75,0.27472527472527475,computed,offset_empirical_centroid_distance,-0.56432517792300441;-0.84449818731890214;-0.8002395200210044;-0.76531022040279972;-0.80766375865575712;0.6313383028087447;0.57378808946599891;0.51106079815367533;0.13345806123092407;0.43233728460648685;-0.66246514746934571;0.28110600628095872;0.26603210576268815;-0.0129510155316602;-0.023449612359413695;0.077316878961692828;0.064597181685694879;-0.82651774070991535;-0.043608480318317225;0.073333333333333278;-0.22659490251387535;-0.015263184776688952;0.32143416496165778;-0.22844082932729101;0.17373762430352652,0.92167565515010463,,,,,,B,3,e37692350fa4ad4230e3336e,1,79a3672f5b2e02b1cc6b62e6,0,39e3bacf11776871a5ff8111,,,,,
centroid,offset_subsample,3,1,2021-01-01T00:00:00Z,A,1,b03e2a19935047396af5f0d5,0,15d3fc436752e80fbf377325,77,0.28205128205128205,computed,offset_empirical_centroid_distance,-0.095386951143333343;-0.060345277172040315;-0.10531382695964277;-0.029949054669959844;-0.066826527515409101;-0.2091406774014824;-0.32524940216810749;-0.28259346219859821;-0.08801020366264202;-0.37849529264863851;-0.1371108138421003;-0.022676296824068739;-0.21641121159837479;0.23282835955647083;0.2810254878125803;-0.13677727155779099;-0.11565944629070656;0.20455647173141112;-0.29309933667123328;-0.54220779220779225;-0.36639707647171138;0.26201218902000961;0.22329142698991777;-0.054429556572538361;0.0083428608612703646,0.81956719344694406,,,,,,B,3,e37692350fa4ad4230e3336e,1,79a3672f5b2e02b1cc6b62e6,0,39e3bacf11776871a5ff8111,,,,,
centroid,offset_subsample,3,1,2021-01-01T00:00:00Z,A,2,dddf565fe433ec33a8d07106,1,3de9bb954a2c15cb4492c426,82,0.30036630036630035,computed,offset_empirical_centroid_distance,0.35477098313549726;0.73599113685397066;0.73949865224785483;0.94997520445667127;0.92680133513798257;0.43568138849084526;0.5469266064000271;0.57077406364815542;0.065852659627435417;0.54604318016314557;0.5279643700857104;0.27817544651459764;0.42559199345069171;0.00261035843254617;-0.086143075563443083;0.14363852579935185;0.16829122658731874;-0.088197339531352142;1.0143790720908981;0.27439024390243894;-0.13102325413609783;0.30186097522824579;-0.082875568351686232;-0.40267191370595756;0.076501193275931967,1.0593330539457351,,,,,,B,3,e37692350fa4ad4230e3336e,1,79a3672f5b2e02b1cc6b62e6,0,39e3bacf11776871a5ff8111,,,,,
centroid,offset_subsample,3,1,2021-01-01T00:00:00Z,A,3,e37692350fa4ad4230e3336e,2,5ae28957385af58ebee4cf8e,39,0.14285714285714285,computed,offset_empirical_centroid_distance,0.46034760052219958;0.36726737275036231;0.38617129387170163;-0.086194375731334427;-0.32417221020437753;2.4769185834578891;2.5094536530225349;2.6351847187585671;0.093957552105112224;2.4870386315059263;-0.015268834717600306;0.35155623533964886;0.2698491779021433;-0.15811965811965775;-0.41212121212121217;0.24437158406247456;0.38462045333069383;-2.3583329795840791;2.0380342336814699;0.58333333333333315;0.23135607403267919;-0.18848307139795761;-0.035337534625745549;-0.35191576966979277;0.092383328503152062,1.9156373928837149,,,,,,B,3,e37692350fa4ad4230e3336e,1,79a3672f5b2e02b1cc6b62e6,0,39e3bacf11776871a5ff8111,,,,,
centroid,offset_subsample,3,1,2021-01-01T00:00:00Z,B,0,39e3bacf11776871a5ff8111,2,9511ccf67a32c14786b9505f,64,0.23357664233576642,computed,offset_empirical_centroid_distance,-0.14833547536594804;-0.55125195789958181;-0.53647135957083947;-0.45666072247920519;-0.40849918036576266;0.066425463162281081;-0.069431421476909339;-0.25920806639060151;0.39210117781404963;-0.17475281272258295;-0.53959620426762545;0.36561926742251627;0.054294618516962587;-0.061687948028673362;-0.1606429742844101;0.12342243583759814;0.01870976505111142;-0.17250990453728973;-0.31064857271817314;0.30859374999999994;0.23895850460231144;-0.23035367293292305;0.013260058061498155;0.34912514935730543;0.43071923405332074,1.0679019464329889,,,,,,B,3,e37692350fa4ad4230e3336e,1,79a3672f5b2e02b1cc6b62e6,0,39e3bacf11776871a5ff8111,,,,,
centroid,offset_subsample,3,1,2021-01-01T00:00:00Z,B,1,b03e2a19935047396af5f0d5,0,17afd0fca04b61ad4cb40d66,98,0.35766423357664234,computed,offset_empirical_centroid_distance,-0.020593901609084617;0.012050508596120052;0.05934610403725922;-0.014424547017930986;0.016363825759887238;-0.45989707851677941;-0.59747924314594114;-0.54301296271143762;-0.19603063372747892;-0.56328729297362912;-0.010718430132447072;-0.2211717250884806;-0.27815272579461775;0.14543053700929948;0.20963353189092346;-0.28772304954761518;-0.36103448582270581;0.40017031282223475;-0.40959498720355392;-0.34693877551020408;0.02494386784997845;0.0039064611778678706;0.020033167190344228;0.42616995518081674;-0.14080092775017541,0.27010362236383345,,,,,,B,3,e37692350fa4ad4230e3336e,1,79a3672f5b2e02b1cc6b62e6,0,39e3bacf11776871a5ff8111,,,,,
centroid,offset_subsample,3,1,2021-01-01T00:00:00Z,B,2,dddf565fe433ec33a8d07106,3,bb123c373acaf6526349830a,67,0.24452554744525548,computed,offset_empirical_centroid_distance,0.2519649687471533;0.50915260262274309;0.59303442813926155;0.57087574469720737;0.6328365709296645;-0.09838610128667849;-0.19623410144987491;-0.16861100204877794;-0.054824339000001082;-0.048716902203931718;0.57359248787394312;0.34180043476567745;0.42684433423349066;-0.18469480554218118;-0.28641644742696576;-0.0096569920101807639;0.11678896202262715;0.30369248050475656;0.35786092091586436;0.32462686567164167;0.49062949088560681;-0.01807213209766521;-0.4922530304798669;0.223696282345795;-0.033648735510187752,0.95939866482935898,,,,,,B,3,e37692350fa4ad4230e3336e,1,79a3672f5b2e02b1cc6b62e6,0,39e3bacf11776871a5ff8111,,,,,
centroid,offset_subsample,3,1,2021-01-01T00:00:00Z,B,3,e37692350fa4ad4230e3336e,1,79a3672f5b2e02b1cc6b62e6,45,0.16423357664233576,computed,offset_empirical_centroid_distance,-0.11536855762554384;0.15674341097821426;0.1477043686403286;0.046934344021159799;-0.035350160207351947;0.67083470973821879;0.72431284766004278;0.85384282577971204;0.11383501569285416;0.95898604935879483;-0.045317320237349641;0.42795331853188856;0.58056464889659531;0.1081640780565517;-0.12827928406875813;-0.090319710502472561;0.10941509190651573;-0.88678938062261614;0.83927461595392816;0.48888888888888876;0.41554798653752656;-0.27310054952178064;-0.16373209134889408;0.80700831036715226;0.28750081009877426,2.511041421190602,,,,,,B,3,e37692350fa4ad4230e3336e,1,79a3672f5b2e02b1cc6b62e6,0,39e3bacf11776871a5ff8111,,,,,
ood,offset_subsample,3,1,2021-01-01T00:00:00Z,,0,39e3bacf11776871a5ff8111,,,,,,,,,11,146,0.075342465753424653,existing_primary_ood_row,frozen_component_chi_square_threshold,B,3,e37692350fa4ad4230e3336e,1,79a3672f5b2e02b1cc6b62e6,0,39e3bacf11776871a5ff8111,,,,,
ood,offset_subsample,3,1,2021-01-01T00:00:00Z,,1,b03e2a19935047396af5f0d5,,,,,,,,,2,178,0.011235955056179775,existing_primary_ood_row,frozen_component_chi_square_threshold,B,3,e37692350fa4ad4230e3336e,1,79a3672f5b2e02b1cc6b62e6,0,39e3bacf11776871a5ff8111,,,,,
ood,offset_subsample,3,1,2021-01-01T00:00:00Z,,2,dddf565fe433ec33a8d07106,,,,,,,,,10,139,0.071942446043165464,existing_primary_ood_row,frozen_component_chi_square_threshold,B,3,e37692350fa4ad4230e3336e,1,79a3672f5b2e02b1cc6b62e6,0,39e3bacf11776871a5ff8111,,,,,
ood,offset_subsample,3,1,2021-01-01T00:00:00Z,,3,e37692350fa4ad4230e3336e,,,,,,,,,2,84,0.023809523809523808,existing_primary_ood_row,frozen_component_chi_square_threshold,B,3,e37692350fa4ad4230e3336e,1,79a3672f5b2e02b1cc6b62e6,0,39e3bacf11776871a5ff8111,,,,,
conclusion,offset_subsample,3,1,2021-01-01T00:00:00Z,,,,,,,,,,,,,,,,,B,3,e37692350fa4ad4230e3336e,1,79a3672f5b2e02b1cc6b62e6,0,39e3bacf11776871a5ff8111,rv_1d;rv_4h;volume_cv_3d;rv_3d;range_ratio_3d,true,true,false,true
centroid,offset_subsample,3,2,2021-01-01T00:00:00Z,A,0,39e3bacf11776871a5ff8111,3,a40802651dda625eef950cfd,68,0.24908424908424909,computed,offset_empirical_centroid_distance,-0.47522451605113669;-0.69982700474224202;-0.73317831013874668;-0.87227972206687188;-0.74951674834260518;0.44672229610634662;0.52985809699890352;0.45559472410267693;0.14026041772451758;0.43142021210149778;-0.66182225484902113;0.29918916847602067;0.20195938191268459;-0.26196500105418474;-0.18973723494503753;0.16086937903105858;0.1477123252752004;-0.83596321160739928;-0.013632303252541118;0.077205882352941138;-0.15909402284583324;0.050667970516862712;0.18533718500507862;-0.39256582623926506;0.18253882174632921,0.85421936208203952,,,,,,B,3,e37692350fa4ad4230e3336e,1,79a3672f5b2e02b1cc6b62e6,3,e37692350fa4ad4230e3336e,,,,,
centroid,offset_subsample,3,2,2021-01-01T00:00:00Z,A,1,b03e2a19935047396af5f0d5,0,15d3fc436752e80fbf377325,81,0.2967032967032967,computed,offset_empirical_centroid_distance,-0.11627177348331227;-0.10263187110805638;-0.026548327633469287;-0.081025289438098599;-0.043009919441336739;-0.19195405911772467;-0.33459740078804112;-0.24863431114828899;-0.19626809637865003;-0.37198635345671371;-0.10622478813937422;-0.04199918278244287;-0.23888550607170247;0.22622752686006339;0.31272187307204058;-0.12528143031920014;-0.2352022219018679;0.19827895219679773;-0.25580393936612766;-0.48456790123456789;-0.34129121742400037;0.21900050512963098;0.23449799969432075;-0.061806329666386717;-0.14310322751945409,0.75704976812296143,,,,,,B,3,e37692350fa4ad4230e3336e,1,79a3672f5b2e02b1cc6b62e6,3,e37692350fa4ad4230e3336e,,,,,
centroid,offset_subsample,3,2,2021-01-01T00:00:00Z,A,2,dddf565fe433ec33a8d07106,1,3de9bb954a2c15cb4492c426,79,0.2893772893772894,computed,offset_empirical_centroid_distance,0.42835697914935306;0.57242690431235244;0.79367969221187162;0.9227561803950135;1.0069452853990986;0.59726776803632442;0.53921591872860009;0.57631975626227649;0.016688553587171754;0.57243345523083533;0.51698844682665723;0.26200860083141198;0.4759917544760634;0.017921146953405447;-0.037903322012181599;0.26751271251132203;0.18404487889518487;-0.01724992749902848;1.0734786638329044;0.2658227848101265;-0.17746046122934245;0.30256339893534567;-0.031513591301231179;-0.32847426747715563;0.042565475300020056,1.1578431528152278,,,,,,B,3,e37692350fa4ad4230e3336e,1,79a3672f5b2e02b1cc6b62e6,3,e37692350fa4ad4230e3336e,,,,,
centroid,offset_subsample,3,2,2021-01-01T00:00:00Z,A,3,e37692350fa4ad4230e3336e,2,5ae28957385af58ebee4cf8e,45,0.16483516483516483,computed,offset_empirical_centroid_distance,-0.24538948475998387;-0.36383835492907096;-0.6605862576766971;-0.49497545439273;-0.60300984188799667;2.2386865191989762;2.5754429660178393;2.4167643481552621;0.32005182715531028;2.4318980290726504;-0.20329638211790657;0.18140024327495663;0.47772807172018594;-0.28888888888888842;-0.27632110579479019;0.30489888881308963;0.35786057690263606;-2.2921844289257223;1.6608133972980195;0.61666666666666647;0.1300450359163362;-0.187430471158406;0.078774750834829876;-0.32751069840739155;0.38162113520873697,2.0257383346098297,,,,,,B,3,e37692350fa4ad4230e3336e,1,79a3672f5b2e02b1cc6b62e6,3,e37692350fa4ad4230e3336e,,,,,
centroid,offset_subsample,3,2,2021-01-01T00:00:00Z,B,0,39e3bacf11776871a5ff8111,2,9511ccf67a32c14786b9505f,62,0.22627737226277372,computed,offset_empirical_centroid_distance,-0.25112319549458112;-0.45505272280722725;-0.45716144340680726;-0.49702792784590977;-0.44198479473194952;0.084290334669624573;0.0071987397811648212;-0.22306346597128868;0.45212544335546229;-0.16096645991018199;-0.5430994280276471;0.21316993254268382;0.066136874977244894;-0.17710139900566493;-0.030056078612954961;0.35403294226922821;0.072738633641826395;-0.16790469343653092;-0.32206889318077697;0.31048387096774188;0.32514837407040009;-0.3457583642210369;0.023566173674898137;0.35607083779498727;0.49620358436640644,1.1080991101308075,,,,,,B,3,e37692350fa4ad4230e3336e,1,79a3672f5b2e02b1cc6b62e6,3,e37692350fa4ad4230e3336e,,,,,
centroid,offset_subsample,3,2,2021-01-01T00:00:00Z,B,1,b03e2a19935047396af5f0d5,0,17afd0fca04b61ad4cb40d66,99,0.36131386861313869,computed,offset_empirical_centroid_distance,0.024836232968702882;0.0024738537837203848;-0.017266367909354072;-0.037502241460617855;-0.07198022222888939;-0.59038784070321648;-0.67911637674408754;-0.53246363804722485;-0.43053731008866886;-0.5528961468759177;-0.082946897270054193;-0.27922611955324811;-0.29867213979423574;0.12272554208038132;0.050285230905917792;-0.34107680441561133;-0.39399602100868436;0.34939494174312663;-0.44911314396231272;-0.43939393939393939;0.10354888873565078;-0.053672032811702956;-0.0069047564081060079;0.21811067077431948;-0.37138443956283662,0.45306851131330556,,,,,,B,3,e37692350fa4ad4230e3336e,1,79a3672f5b2e02b1cc6b62e6,3,e37692350fa4ad4230e3336e,,,,,
centroid,offset_subsample,3,2,2021-01-01T00:00:00Z,B,2,dddf565fe433ec33a8d07106,3,bb123c373acaf6526349830a,65,0.23722627737226276,computed,offset_empirical_centroid_distance,0.29459055319914523;0.51468588176767172;0.67111642903430768;0.71398318260515969;0.70040367419809912;-0.10011642733781101;-0.20389918832726303;-0.2490606202835999;0.098592899894862987;-0.031978210663925408;0.61644079380067107;0.42205782726962054;0.59861118515327227;-0.31881720430107502;-0.11863919581724737;0.052946383049782865;0.040130904487824852;0.38571203257938319;0.37323430834029525;0.45769230769230762;0.33465593142517291;0.15766277096878722;-0.49097115241384942;0.32746124533419391;0.1636428585544053,0.99229161818637568,,,,,,B,3,e37692350fa4ad4230e3336e,1,79a3672f5b2e02b1cc6b62e6,3,e37692350fa4ad4230e3336e,,,,,
centroid,offset_subsample,3,2,2021-01-01T00:00:00Z,B,3,e37692350fa4ad4230e3336e,1,79a3672f5b2e02b1cc6b62e6,48,0.17518248175182483,computed,offset_empirical_centroid_distance,-0.0028038494505966886;0.18551916875631452;0.24191947059828298;0.16974748015008823;0.092238066751218137;0.9299887263057518;1.1190255550211921;0.83513030089710039;0.40709271058184304;0.91683540572534561;0.030537395429801995;0.58586110508545108;0.61814125838021639;-0.44033751493428885;-0.21074419508817363;0.20661848869677729;0.22575215739963195;-0.81531425787734357;0.89034046264908884;0.66666666666666652;0.38701233917529354;-0.25968681688091932;-0.13950958206266595;0.82208874139837163;0.56730116148097298,2.2381543395551282,,,,,,B,3,e37692350fa4ad4230e3336e,1,79a3672f5b2e02b1cc6b62e6,3,e37692350fa4ad4230e3336e,,,,,
ood,offset_subsample,3,2,2021-01-01T00:00:00Z,,0,39e3bacf11776871a5ff8111,,,,,,,,,7,142,0.049295774647887321,existing_primary_ood_row,frozen_component_chi_square_threshold,B,3,e37692350fa4ad4230e3336e,1,79a3672f5b2e02b1cc6b62e6,3,e37692350fa4ad4230e3336e,,,,,
ood,offset_subsample,3,2,2021-01-01T00:00:00Z,,1,b03e2a19935047396af5f0d5,,,,,,,,,6,176,0.034090909090909088,existing_primary_ood_row,frozen_component_chi_square_threshold,B,3,e37692350fa4ad4230e3336e,1,79a3672f5b2e02b1cc6b62e6,3,e37692350fa4ad4230e3336e,,,,,
ood,offset_subsample,3,2,2021-01-01T00:00:00Z,,2,dddf565fe433ec33a8d07106,,,,,,,,,5,133,0.037593984962406013,existing_primary_ood_row,frozen_component_chi_square_threshold,B,3,e37692350fa4ad4230e3336e,1,79a3672f5b2e02b1cc6b62e6,3,e37692350fa4ad4230e3336e,,,,,
ood,offset_subsample,3,2,2021-01-01T00:00:00Z,,3,e37692350fa4ad4230e3336e,,,,,,,,,9,96,0.09375,existing_primary_ood_row,frozen_component_chi_square_threshold,B,3,e37692350fa4ad4230e3336e,1,79a3672f5b2e02b1cc6b62e6,3,e37692350fa4ad4230e3336e,,,,,
conclusion,offset_subsample,3,2,2021-01-01T00:00:00Z,,,,,,,,,,,,,,,,,B,3,e37692350fa4ad4230e3336e,1,79a3672f5b2e02b1cc6b62e6,3,e37692350fa4ad4230e3336e,volume_cv_3d;rv_3d;rv_4h;range_ratio_3d;rv_1d,true,false,false,true
centroid,offset_subsample,7,0,2021-01-01T00:00:00Z,A,0,39e3bacf11776871a5ff8111,3,a40802651dda625eef950cfd,33,0.27966101694915252,computed,offset_empirical_centroid_distance,-0.55537790617805172;-0.92476516026744859;-0.86884950268108185;-0.90117909252333583;-0.81392891130962541;0.59767387708875663;0.60220857279756146;0.44644601418634516;0.25361529762703133;0.46672719047966305;-0.66987886933446883;0.38915681028096338;0.24690391333011899;-0.060606060606060212;-0.11822531535450227;-0.053489118792969206;0.14536805707160333;-0.8504022802053629;-0.086317589705931744;0.053030303030302983;-0.12344648551895504;-0.17591455532623873;0.35852454844473935;-0.21950331819267571;0.22157041589809076,0.97140710760539106,,,,,,B,3,e37692350fa4ad4230e3336e,1,79a3672f5b2e02b1cc6b62e6,3,e37692350fa4ad4230e3336e,,,,,
centroid,offset_subsample,7,0,2021-01-01T00:00:00Z,A,1,b03e2a19935047396af5f0d5,0,15d3fc436752e80fbf377325,26,0.22033898305084745,computed,offset_empirical_centroid_distance,-0.064193842136237578;-0.17397344479943008;-0.12740541767717137;-0.049686785338017458;0.035029628284312497;-0.35088365634656199;-0.33868408236375985;-0.18448896218821587;-0.35247203535895544;-0.27854983029262115;-0.16210513810288102;-0.017426638438676763;-0.15300528516944245;0.14178384339674707;0.119883462981421;-0.20791063070460192;-0.16593411222510371;0.18774386372837065;-0.13981844402642085;-0.5;-0.29571790381244473;0.29189194505170102;0.11379477906129905;0.0036866912789235112;-0.27982354535560722,0.80671143010487512,,,,,,B,3,e37692350fa4ad4230e3336e,1,79a3672f5b2e02b1cc6b62e6,3,e37692350fa4ad4230e3336e,,,,,
centroid,offset_subsample,7,0,2021-01-01T00:00:00Z,A,2,dddf565fe433ec33a8d07106,1,3de9bb954a2c15cb4492c426,39,0.33050847457627119,computed,offset_empirical_centroid_distance,0.069526482929908942;0.62033903797877399;0.57887776392747736;0.85349279639461573;0.74069125570648886;0.32230112784828557;0.57433651963876864;0.69397060934355548;-0.039436147325381643;0.5112467498571539;0.44159570320615027;0.12184731166804513;0.16543524010866034;-0.15965575642994956;-0.32994971815240326;0.29694367107030911;0.19913942463741138;-0.18655698906042822;0.93080247959792972;0.21153846153846145;-0.14081611836420457;0.24750741996944806;-0.021430888652830698;-0.38074037716930886;-0.030795864155206208,1.1316572569650427,,,,,,B,3,e37692350fa4ad4230e3336e,1,79a3672f5b2e02b1cc6b62e6,3,e37692350fa4ad4230e3336e,,,,,
centroid,offset_subsample,7,0,2021-01-01T00:00:00Z,A,3,e37692350fa4ad4230e3336e,2,5ae28957385af58ebee4cf8e,20,0.16949152542372881,computed,offset_empirical_centroid_distance,-0.14951628483687687;0.35300112937356898;0.22952600509693613;0.00998451782622513;-0.25287287606213643;2.6046855185190054;2.4387594071036576;2.5099977819887513;0.10280067412588917;2.2308716472963477;-0.025659923445692526;0.23364970410244557;0.17220505147686965;-0.074551971326164423;-0.28949633962838345;0.14158923446549179;0.41364847220135603;-2.1133876282080117;1.9392508941425841;1.0999999999999996;0.15734476575744624;-0.04486870925150549;-0.08631140226757919;-0.54566687946509462;0.081312750144697188,1.7969099514468714,,,,,,B,3,e37692350fa4ad4230e3336e,1,79a3672f5b2e02b1cc6b62e6,3,e37692350fa4ad4230e3336e,,,,,
centroid,offset_subsample,7,0,2021-01-01T00:00:00Z,B,0,39e3bacf11776871a5ff8111,2,9511ccf67a32c14786b9505f,32,0.27350427350427353,computed,offset_empirical_centroid_distance,0.27733058774889313;-0.55340445576719033;-0.52968134725451366;-0.45962326923911578;-0.47021836292663727;-0.0057723714597029841;-0.053372145448857433;-0.1177793569880901;0.13481304117887666;-0.072556519206974812;-0.50885174865334215;0.23256524879017584;0.044505684522750846;-0.1718189964157702;-0.28398125996810225;0.16590970090401397;0.11433761798920727;-0.25848911945171182;-0.20290155361806841;0.046874999999999938;0.29508784769297169;-0.39785145452435738;0.11301239465011229;0.17181854677174896;0.2115539719888043,1.0752004410279075,,,,,,B,3,e37692350fa4ad4230e3336e,1,79a3672f5b2e02b1cc6b62e6,3,e37692350fa4ad4230e3336e,,,,,
centroid,offset_subsample,7,0,2021-01-01T00:00:00Z,B,1,b03e2a19935047396af5f0d5,0,17afd0fca04b61ad4cb40d66,31,0.26495726495726496,computed,offset_empirical_centroid_distance,0.037393054692400646;-0.074324300610722635;0.006450780247359655;-0.035828503628454862;0.01688427504373281;-0.50717811604804142;-0.51591678131722207;-0.40866027130774368;-0.31174349719612204;-0.50644314091580434;-0.0685474397422495;-0.22881468972205882;-0.31889784310307834;0.026361429066944428;0.15736996450069438;-0.19234609975185762;-0.49769522254418691;0.34681552109325731;-0.33722991341442737;-0.35483870967741937;0.083585855770678147;-0.006841626925109515;-0.037872594056687706;0.00079952692230566582;-0.26917423760768955,0.43371106125360859,,,,,,B,3,e37692350fa4ad4230e3336e,1,79a3672f5b2e02b1cc6b62e6,3,e37692350fa4ad4230e3336e,,,,,
centroid,offset_subsample,7,0,2021-01-01T00:00:00Z,B,2,dddf565fe433ec33a8d07106,3,bb123c373acaf6526349830a,31,0.26495726495726496,computed,offset_empirical_centroid_distance,0.067658863862597216;0.35865520906875914;0.52750081104268998;0.60281354505171969;0.57259503597688377;-0.20037252998903374;-0.19456778006194056;-0.12034726510020734;-0.11994409040042235;-0.05570373415748648;0.50612980749671843;0.26811275397947026;0.29759681563525991;-0.22141288010174551;-0.26330035008456237;0.017978951884530466;-0.086825731955510202;0.29575404015206458;0.33269382240600609;0.41129032258064507;0.40431974584918723;0.091237255040162196;-0.48433572029400185;0.15605388792923441;-0.027193183168818635,1.0012479029709829,,,,,,B,3,e37692350fa4ad4230e3336e,1,79a3672f5b2e02b1cc6b62e6,3,e37692350fa4ad4230e3336e,,,,,
centroid,offset_subsample,7,0,2021-01-01T00:00:00Z,B,3,e37692350fa4ad4230e3336e,1,79a3672f5b2e02b1cc6b62e6,23,0.19658119658119658,computed,offset_empirical_centroid_distance,-0.37259384564616976;-0.59546591874073351;-0.28336226280792703;0.063005895859546135;0.047828616224516549;1.1585652553589827;0.96251227564236408;0.96051425125872236;0.05589919592369573;0.95684626980270171;-0.072209843604284021;0.22588004057745883;0.41808310888807854;-0.10721520959950073;-0.32788294847791427;0.051367380260728589;0.11815252046044893;-0.8534543436582035;0.91286718492154151;0.44565217391304335;0.37681765597236888;-0.30749846003570008;-0.069319969973887563;0.65772304799006109;0.071746527287495199,2.329821805691306,,,,,,B,3,e37692350fa4ad4230e3336e,1,79a3672f5b2e02b1cc6b62e6,3,e37692350fa4ad4230e3336e,,,,,
ood,offset_subsample,7,0,2021-01-01T00:00:00Z,,0,39e3bacf11776871a5ff8111,,,,,,,,,4,71,0.056338028169014086,existing_primary_ood_row,frozen_component_chi_square_threshold,B,3,e37692350fa4ad4230e3336e,1,79a3672f5b2e02b1cc6b62e6,3,e37692350fa4ad4230e3336e,,,,,
ood,offset_subsample,7,0,2021-01-01T00:00:00Z,,1,b03e2a19935047396af5f0d5,,,,,,,,,0,56,0,existing_primary_ood_row,frozen_component_chi_square_threshold,B,3,e37692350fa4ad4230e3336e,1,79a3672f5b2e02b1cc6b62e6,3,e37692350fa4ad4230e3336e,,,,,
ood,offset_subsample,7,0,2021-01-01T00:00:00Z,,2,dddf565fe433ec33a8d07106,,,,,,,,,1,73,0.013698630136986301,existing_primary_ood_row,frozen_component_chi_square_threshold,B,3,e37692350fa4ad4230e3336e,1,79a3672f5b2e02b1cc6b62e6,3,e37692350fa4ad4230e3336e,,,,,
ood,offset_subsample,7,0,2021-01-01T00:00:00Z,,3,e37692350fa4ad4230e3336e,,,,,,,,,2,35,0.057142857142857141,existing_primary_ood_row,frozen_component_chi_square_threshold,B,3,e37692350fa4ad4230e3336e,1,79a3672f5b2e02b1cc6b62e6,3,e37692350fa4ad4230e3336e,,,,,
conclusion,offset_subsample,7,0,2021-01-01T00:00:00Z,,,,,,,,,,,,,,,,,B,3,e37692350fa4ad4230e3336e,1,79a3672f5b2e02b1cc6b62e6,3,e37692350fa4ad4230e3336e,rv_1d;range_ratio_3d;return_12h;rv_3d;volume_cv_3d,true,false,false,false
centroid,offset_subsample,7,1,2021-01-01T00:00:00Z,A,0,39e3bacf11776871a5ff8111,3,a40802651dda625eef950cfd,36,0.30769230769230771,computed,offset_empirical_centroid_distance,-0.4285620513674071;-0.61191521675845706;-0.90985791336784594;-0.96485052479863609;-0.90793486137739365;0.33922634226242165;0.6226361121090912;0.49710234284328803;0.20889040034309106;0.55624833733259649;-0.68658441796373681;0.36565208832975649;0.41230841543628705;-0.055306650736757904;-0.20238348396243153;0.18360481077294369;0.1741287679983676;-0.98549098078272446;-0.038362184557288743;0.097222222222222182;0.0010932434746041757;-0.094463559831916677;0.13919822261286599;-0.107644388594798;0.19151604687099716,0.96086339322591163,,,,,,A,3,e37692350fa4ad4230e3336e,2,5ae28957385af58ebee4cf8e,2,dddf565fe433ec33a8d07106,,,,,
centroid,offset_subsample,7,1,2021-01-01T00:00:00Z,A,1,b03e2a19935047396af5f0d5,0,15d3fc436752e80fbf377325,22,0.18803418803418803,computed,offset_empirical_centroid_distance,0.11806047680043286;0.0090894700191833655;0.016276212492867134;-0.12362798146684852;0.014643123093671436;-0.40438033611087099;-0.32766621245974792;-0.23439995559493154;-0.22851806930883509;-0.40327334951208904;-0.028337442388619388;-0.18622301361818672;-0.27682615148333606;0.35997067448680425;0.43241409308394907;-0.12015774844643171;-0.32983068019044759;0.21611088759667291;-0.26478938939396102;-0.65909090909090906;-0.35308299107113855;0.14435457852625691;0.31870677298992273;-0.060170875987926052;-0.16965592087751666,0.80310655577119727,,,,,,A,3,e37692350fa4ad4230e3336e,2,5ae28957385af58ebee4cf8e,2,dddf565fe433ec33a8d07106,,,,,
centroid,offset_subsample,7,1,2021-01-01T00:00:00Z,A,2,dddf565fe433ec33a8d07106,1,3de9bb954a2c15cb4492c426,42,0.35897435897435898,computed,offset_empirical_centroid_distance,0.76809825382325259;1.1066832641375164;1.1098763339667754;0.90950147146378824;1.0737472230919198;0.68196546992429297;0.6380690325932048;0.72469787151598497;-0.026860081003326847;0.69476826880174225;0.52490800283250683;0.53120686972267483;0.47763578659538475;0.052270011947431722;-0.12175584381050297;0.28201819828359082;0.23409883770884835;-0.17325939432580453;1.1956024092190216;0.38095238095238088;-0.092704670760452204;0.28445407911275772;-0.11133518682348871;-0.33112316841304767;0.004447634115443101,1.6564862742773825,,,,,,A,3,e37692350fa4ad4230e3336e,2,5ae28957385af58ebee4cf8e,2,dddf565fe433ec33a8d07106,,,,,
centroid,offset_subsample,7,1,2021-01-01T00:00:00Z,A,3,e37692350fa4ad4230e3336e,2,5ae28957385af58ebee4cf8e,17,0.14529914529914531,computed,offset_empirical_centroid_distance,-0.47108585282425969;-1.1799358893790379;-0.8493841277192562;-0.44254527850654191;-0.76956270204323918;2.1808308892297856;2.5524074213493413;2.5101871726880249;0.22258296364970778;2.3960921507990394;-0.31692215799807577;0.37352084064672025;0.51210903217284032;-0.17647058823529366;-0.31016042780748682;0.37122940442838342;0.31369820078684041;-2.3993239472171233;1.8562453543106505;0.88235294117647034;0.045576159014437026;-0.24093205678045582;0.22663393980853502;-0.59134638865171119;0.2631485189596604,2.6590553575126084,,,,,,A,3,e37692350fa4ad4230e3336e,2,5ae28957385af58ebee4cf8e,2,dddf565fe433ec33a8d07106,,,,,
centroid,offset_subsample,7,1,2021-01-01T00:00:00Z,B,0,39e3bacf11776871a5ff8111,2,9511ccf67a32c14786b9505f,29,0.24576271186440679,computed,offset_empirical_centroid_distance,0.0086202175442279087;-0.59695142506426246;-0.40288980101208222;-0.44504463086785773;-0.39508048990252803;-0.20315247613581627;0.046028717222114386;-0.12221037325841563;0.2978187398179864;-0.10599134607093505;-0.47907856659159676;0.17314227297667636;-0.029482889175479879;-0.10783586701272978;-0.03897129089436089;0.47706229065940531;0.015832301592056893;-0.24990532017766581;-0.21327631254881479;0.37931034482758608;0.17384679525869232;-0.14758301988587116;0.0082336077283554007;0.38672369053811595;0.3123499314942082,1.140406707502472,,,,,,A,3,e37692350fa4ad4230e3336e,2,5ae28957385af58ebee4cf8e,2,dddf565fe433ec33a8d07106,,,,,
centroid,offset_subsample,7,1,2021-01-01T00:00:00Z,B,1,b03e2a19935047396af5f0d5,0,17afd0fca04b61ad4cb40d66,36,0.30508474576271188,computed,offset_empirical_centroid_distance,0.027114089754976096;0.031405151757777243;0.022615546975776654;-0.051578147378163769;-0.055685297712011042;-0.57350366263286934;-0.53612413337469222;-0.43844723936441071;-0.32137576288372022;-0.49823293547777708;-0.16637212568562798;-0.26511585224332679;-0.26520048421129472;0.26906610911987305;0.1573559975177973;-0.29921932180092081;-0.32353870412542118;0.2757900992579394;-0.38260920611734622;-0.43749999999999994;0.10235735035274802;0.01955942858827887;-0.08426782365323271;0.21222651872329523;-0.3561397953629426,0.38401979751430043,,,,,,A,3,e37692350fa4ad4230e3336e,2,5ae28957385af58ebee4cf8e,2,dddf565fe433ec33a8d07106,,,,,
centroid,offset_subsample,7,1,2021-01-01T00:00:00Z,B,2,dddf565fe433ec33a8d07106,3,bb123c373acaf6526349830a,32,0.2711864406779661,computed,offset_empirical_centroid_distance,-0.14613697630977313;0.54427168517662106;0.78854500733267108;0.61249709136252661;0.75767556482483289;-0.35605154397439104;-0.17406723909228575;-0.17293568325143382;-0.032940811892137795;0.027624957044519751;0.55556585536411429;0.48961867593775366;0.53170174008904869;-0.24493103922287351;-0.42600927033492814;0.077307843291274006;0.089397327749752883;0.33985766745938373;0.46419204263606967;0.42187499999999989;0.53421861739147558;-0.065743462076169351;-0.49711425316053748;0.088811624148827692;0.0032150907122171462,1.1498642193030384,,,,,,A,3,e37692350fa4ad4230e3336e,2,5ae28957385af58ebee4cf8e,2,dddf565fe433ec33a8d07106,,,,,
centroid,offset_subsample,7,1,2021-01-01T00:00:00Z,B,3,e37692350fa4ad4230e3336e,1,79a3672f5b2e02b1cc6b62e6,21,0.17796610169491525,computed,offset_empirical_centroid_distance,-0.1785621791874864;0.067803545303604426;-0.19993712264039126;-0.28252602030906349;-0.17794683288924923;0.61542268845257764;0.90907831977071252;1.0450670785466403;-0.0077310504586580956;0.94077525037854159;-0.048437692803362339;0.1878032187410445;0.34320680812996912;0.079365079365079805;-0.14718614718614742;-0.058981462270656468;0.17912134975371535;-1.1070959758832719;0.71264206213706593;0.047619047619047589;0.20409858614048118;-0.20020087502951917;0.01190123259113738;0.35640225956917787;0.053063167876489042,2.4079239241811763,,,,,,A,3,e37692350fa4ad4230e3336e,2,5ae28957385af58ebee4cf8e,2,dddf565fe433ec33a8d07106,,,,,
ood,offset_subsample,7,1,2021-01-01T00:00:00Z,,0,39e3bacf11776871a5ff8111,,,,,,,,,2,61,0.032786885245901641,existing_primary_ood_row,frozen_component_chi_square_threshold,A,3,e37692350fa4ad4230e3336e,2,5ae28957385af58ebee4cf8e,2,dddf565fe433ec33a8d07106,,,,,
ood,offset_subsample,7,1,2021-01-01T00:00:00Z,,1,b03e2a19935047396af5f0d5,,,,,,,,,1,65,0.015384615384615385,existing_primary_ood_row,frozen_component_chi_square_threshold,A,3,e37692350fa4ad4230e3336e,2,5ae28957385af58ebee4cf8e,2,dddf565fe433ec33a8d07106,,,,,
ood,offset_subsample,7,1,2021-01-01T00:00:00Z,,2,dddf565fe433ec33a8d07106,,,,,,,,,3,61,0.049180327868852458,existing_primary_ood_row,frozen_component_chi_square_threshold,A,3,e37692350fa4ad4230e3336e,2,5ae28957385af58ebee4cf8e,2,dddf565fe433ec33a8d07106,,,,,
ood,offset_subsample,7,1,2021-01-01T00:00:00Z,,3,e37692350fa4ad4230e3336e,,,,,,,,,2,48,0.041666666666666664,existing_primary_ood_row,frozen_component_chi_square_threshold,A,3,e37692350fa4ad4230e3336e,2,5ae28957385af58ebee4cf8e,2,dddf565fe433ec33a8d07106,,,,,
conclusion,offset_subsample,7,1,2021-01-01T00:00:00Z,,,,,,,,,,,,,,,,,A,3,e37692350fa4ad4230e3336e,2,5ae28957385af58ebee4cf8e,2,dddf565fe433ec33a8d07106,return_12h;return_1d;max_drawdown_3d;rv_3d;return_3d,true,false,false,false
centroid,offset_subsample,7,2,2021-01-01T00:00:00Z,A,0,39e3bacf11776871a5ff8111,3,a40802651dda625eef950cfd,29,0.24786324786324787,computed,offset_empirical_centroid_distance,-0.36523020408278445;-0.19431920360464378;-0.2115972827778913;-0.8535133658979206;-0.96288326706449012;0.26467962864527433;0.14032254786044998;0.52388510165593238;-0.503580922959873;0.60932909960312476;-0.6388221478015027;-0.17145183244298298;0.56142928025468353;-0.20769991348411773;-0.21619296865845081;-0.11623007168711798;0.011779434598921154;-1.0216979994417534;-0.17750464947601047;-0.25;-0.24659402956001603;0.076351061778521301;0.26116444765230939;-0.10653550784774668;-0.60829642538713036,1.7062676490515967,,,,,,B,3,e37692350fa4ad4230e3336e,1,79a3672f5b2e02b1cc6b62e6,0,39e3bacf11776871a5ff8111,,,,,
centroid,offset_subsample,7,2,2021-01-01T00:00:00Z,A,1,b03e2a19935047396af5f0d5,0,15d3fc436752e80fbf377325,43,0.36752136752136755,computed,offset_empirical_centroid_distance,-0.0032575994846991484;0.061042969908440305;0.057584816241607106;-0.014492860269863021;-0.087819398601665835;-0.34469517756006635;-0.5595083259945961;-0.19750520441081743;-0.83026515211655849;-0.29341139173081315;-0.054354597513868765;-0.18407598584425913;-0.26535295092548961;0.50387917269765559;0.4870975953150915;-0.4435654844554468;-0.18237760571688036;0.095946041507413718;-0.21076902020510585;-0.48837209302325579;-0.42203415688731355;0.11149832892768442;0.42196531144340482;0.0066532422897347667;-0.87910563915412809,1.302954601193542,,,,,,B,3,e37692350fa4ad4230e3336e,1,79a3672f5b2e02b1cc6b62e6,0,39e3bacf11776871a5ff8111,,,,,
centroid,offset_subsample,7,2,2021-01-01T00:00:00Z,A,2,dddf565fe433ec33a8d07106,1,3de9bb954a2c15cb4492c426,29,0.24786324786324787,computed,offset_empirical_centroid_distance,-0.089131851972217971;0.20645382024801359;0.35119324253733264;1.1593464347647173;1.0598160484199393;0.47668064049194103;0.39136289681103398;0.62031429599258792;-0.22987624690817807;0.68488563500337762;0.52205266596966915;-0.10081565356983893;0.55141761336884199;-0.01130886169818273;-0.10879392839465425;-0.10349916298841057;0.13252388871769399;0.034431013801033507;1.2596316610100549;0.28448275862068956;-0.10070607340528688;0.33089796165590601;-0.15182219235569039;-0.48213097862795673;-0.37703489129343642,1.5615264549671715,,,,,,B,3,e37692350fa4ad4230e3336e,1,79a3672f5b2e02b1cc6b62e6,0,39e3bacf11776871a5ff8111,,,,,
centroid,offset_subsample,7,2,2021-01-01T00:00:00Z,A,3,e37692350fa4ad4230e3336e,2,5ae28957385af58ebee4cf8e,16,0.13675213675213677,computed,offset_empirical_centroid_distance,0.033478806606684723;0.088408153463714861;-0.35293568792792274;-0.64881670362584265;-0.32976501638399691;1.9042214955745025;2.3012092566408051;2.5525117511416298;-0.012337401306542029;2.3822441635670213;-0.21024190373818763;0.01422559484691484;0.39182743283187449;0.14583333333333381;-0.050438596491228303;-0.10258503833623125;0.047588014056880977;-2.2792393049539998;1.6576186847891117;0.24999999999999992;-0.14229535887398245;-0.18656588780768313;0.39013651095095525;-0.28291262475007772;-0.1532227135233028,1.9947088048917729,,,,,,B,3,e37692350fa4ad4230e3336e,1,79a3672f5b2e02b1cc6b62e6,0,39e3bacf11776871a5ff8111,,,,,
centroid,offset_subsample,7,2,2021-01-01T00:00:00Z,B,0,39e3bacf11776871a5ff8111,2,9511ccf67a32c14786b9505f,9,0.076271186440677971,computed,offset_empirical_centroid_distance,-0.25302831081558164;-0.31783228915750966;-0.32199839059810637;-0.73582851965596907;-0.62697376979340513;-0.17971436101671598;-0.32748208955949287;-0.24120520881207685;-0.19059643825310876;-0.060798692114699876;-0.62936866091975641;0.27555701822350981;0.26104130009077525;-0.40740740740740689;-0.1212121212121216;-0.030505780070123924;0.099549152721006229;-0.33855012420655867;-0.40605611352390691;0.41666666666666657;0.058026361795049233;0.054054737861992316;-0.066146047745520062;0.067906275248215686;-0.29152584651287172,1.3526238161502817,,,,,,B,3,e37692350fa4ad4230e3336e,1,79a3672f5b2e02b1cc6b62e6,0,39e3bacf11776871a5ff8111,,,,,
centroid,offset_subsample,7,2,2021-01-01T00:00:00Z,B,1,b03e2a19935047396af5f0d5,0,17afd0fca04b61ad4cb40d66,74,0.6271186440677966,computed,offset_empirical_centroid_distance,-0.032027638502313112;0.029223844485438261;-0.0052133417969225408;-0.018290122235105351;-0.057047086194421115;-0.71357512079119334;-0.91406816437357086;-0.47692357553658665;-1.184926529115051;-0.48510399202984716;-0.082581608810904192;-0.30951307357478641;-0.25373400843863581;0.26424004649811161;0.14485257718299147;-0.54721432329174191;-0.25995662883571685;0.28877448275329526;-0.38891473224897199;-0.53716216216216217;0.072611737397412557;-0.007998610466150512;-0.025530049345729184;0.5668071354949098;-1.1944560055110061,1.5512909026576021,,,,,,B,3,e37692350fa4ad4230e3336e,1,79a3672f5b2e02b1cc6b62e6,0,39e3bacf11776871a5ff8111,,,,,
centroid,offset_subsample,7,2,2021-01-01T00:00:00Z,B,2,dddf565fe433ec33a8d07106,3,bb123c373acaf6526349830a,23,0.19491525423728814,computed,offset_empirical_centroid_distance,0.10918734313885997;0.31910209214196111;0.30371831557960399;0.84446381256984127;0.72089028237469921;-0.18062999133909294;-0.51465683936095108;-0.17535656742172079;-0.69658011632971273;0.042037398112874359;0.6294472528958307;0.052584560908991967;0.58161593570076087;0.2466105656849;-0.1421666307698605;-0.4052444685861879;0.18396659586640812;0.30909095141470633;0.47704423218600178;0.17391304347826081;0.51347950645449236;0.089802516721424003;-0.62072872701741388;0.45368993856878309;-0.93649612619476208,1.8752763320027888,,,,,,B,3,e37692350fa4ad4230e3336e,1,79a3672f5b2e02b1cc6b62e6,0,39e3bacf11776871a5ff8111,,,,,
centroid,offset_subsample,7,2,2021-01-01T00:00:00Z,B,3,e37692350fa4ad4230e3336e,1,79a3672f5b2e02b1cc6b62e6,12,0.10169491525423729,computed,offset_empirical_centroid_distance,-0.29426506708397232;-0.178170640746044;-0.17709482739012236;-0.57926425824131045;-0.72283200700952566;0.32060341924036434;-0.12348495494693101;0.94925959355310352;-1.0793281568738671;1.0883117775711537;-0.2270744502731547;-0.092802403219067742;0.60327108169325305;-0.097222222222222016;-0.12769803296119123;-0.26153049355871627;-0.0077747919184920694;-1.3683985926236351;0.46156562622565822;-0.041666666666666741;0.20288455791829893;-0.2292999710948492;0.058209987860217964;0.88372199081846536;-1.131947482047571,4.0058716342608269,,,,,,B,3,e37692350fa4ad4230e3336e,1,79a3672f5b2e02b1cc6b62e6,0,39e3bacf11776871a5ff8111,,,,,
ood,offset_subsample,7,2,2021-01-01T00:00:00Z,,0,39e3bacf11776871a5ff8111,,,,,,,,,7,46,0.15217391304347827,existing_primary_ood_row,frozen_component_chi_square_threshold,B,3,e37692350fa4ad4230e3336e,1,79a3672f5b2e02b1cc6b62e6,0,39e3bacf11776871a5ff8111,,,,,
ood,offset_subsample,7,2,2021-01-01T00:00:00Z,,1,b03e2a19935047396af5f0d5,,,,,,,,,5,111,0.045045045045045043,existing_primary_ood_row,frozen_component_chi_square_threshold,B,3,e37692350fa4ad4230e3336e,1,79a3672f5b2e02b1cc6b62e6,0,39e3bacf11776871a5ff8111,,,,,
ood,offset_subsample,7,2,2021-01-01T00:00:00Z,,2,dddf565fe433ec33a8d07106,,,,,,,,,4,51,0.078431372549019607,existing_primary_ood_row,frozen_component_chi_square_threshold,B,3,e37692350fa4ad4230e3336e,1,79a3672f5b2e02b1cc6b62e6,0,39e3bacf11776871a5ff8111,,,,,
ood,offset_subsample,7,2,2021-01-01T00:00:00Z,,3,e37692350fa4ad4230e3336e,,,,,,,,,1,27,0.037037037037037035,existing_primary_ood_row,frozen_component_chi_square_threshold,B,3,e37692350fa4ad4230e3336e,1,79a3672f5b2e02b1cc6b62e6,0,39e3bacf11776871a5ff8111,,,,,
conclusion,offset_subsample,7,2,2021-01-01T00:00:00Z,,,,,,,,,,,,,,,,,B,3,e37692350fa4ad4230e3336e,1,79a3672f5b2e02b1cc6b62e6,0,39e3bacf11776871a5ff8111,rv_1d;rv_4h;volume_ratio_1d_3d;rv_ratio_1d_3d;max_runup_3d,true,true,false,false
centroid,offset_subsample,7,3,2021-01-01T00:00:00Z,A,0,39e3bacf11776871a5ff8111,3,a40802651dda625eef950cfd,20,0.17094017094017094,computed,offset_empirical_centroid_distance,-1.1334712440476449;-0.44991496198849656;-0.62780882190275622;-0.52848247944818816;-0.88154775678429331;0.95243089325707952;0.39635991620396199;0.51294243076135793;-0.10212832502524759;0.46307702285256874;-0.66539084853486741;0.2514439409099658;0.39309029510283716;-0.31550179211469509;-0.28138755980861291;0.36169463673606356;0.069500737165044582;-0.82432396377733952;-0.093640144181520626;-0.33749999999999997;-0.42955667065213782;0.25708543555775643;0.28715333589835257;-0.13379493049187072;-0.11279839683128171,1.5614089324435376,,,,,,B,3,e37692350fa4ad4230e3336e,1,79a3672f5b2e02b1cc6b62e6,2,dddf565fe433ec33a8d07106,,,,,
centroid,offset_subsample,7,3,2021-01-01T00:00:00Z,A,1,b03e2a19935047396af5f0d5,0,15d3fc436752e80fbf377325,50,0.42735042735042733,computed,offset_empirical_centroid_distance,-0.11777860253596903;-0.064295804224676567;-0.064963684299665411;-0.028274967634462717;-0.069689046030285043;-0.016214977741788292;-0.36660796305265247;-0.28321296975954385;-0.22068560885732216;-0.35733551498794741;-0.1293337694360619;0.017022752662342377;-0.10803258326079766;0.22225930045729883;0.34137653945070201;-0.10890923637274023;-0.12338974209695214;0.21526758164318285;-0.27612542418139252;-0.58999999999999997;-0.32809294116251281;0.20950652153828583;0.22328029096174423;0.061400833887763129;-0.30353584538816264,0.83857274503978507,,,,,,B,3,e37692350fa4ad4230e3336e,1,79a3672f5b2e02b1cc6b62e6,2,dddf565fe433ec33a8d07106,,,,,
centroid,offset_subsample,7,3,2021-01-01T00:00:00Z,A,2,dddf565fe433ec33a8d07106,1,3de9bb954a2c15cb4492c426,32,0.27350427350427353,computed,offset_empirical_centroid_distance,0.96174428691687119;0.53838780178320378;0.60815011915606654;0.5795179993880536;1.0065235587613184;0.84673640498371772;0.30034331574906697;0.46855352846454451;-0.16745613408909574;0.50075804232496379;0.52328737745642517;0.29727958499709067;0.5504731163869675;0.1827396953405023;0.22538547319954216;0.16329920411710325;0.10021277932927629;0.059314532755550868;1.0124401593030821;-0.1875;-0.22926557770474057;0.28371334327705533;0.053527655374907814;-0.39652855457587532;-0.25242116103334672,1.5296407825802887,,,,,,B,3,e37692350fa4ad4230e3336e,1,79a3672f5b2e02b1cc6b62e6,2,dddf565fe433ec33a8d07106,,,,,
centroid,offset_subsample,7,3,2021-01-01T00:00:00Z,A,3,e37692350fa4ad4230e3336e,2,5ae28957385af58ebee4cf8e,15,0.12820512820512819,computed,offset_empirical_centroid_distance,1.7174049172882144;0.22110163419208539;0.17974450797898506;-0.3494339955318117;-0.78447801997789623;2.6813547838984868;2.3306662860016774;2.4921933253195356;0.031389898564182152;2.1717102432719395;-0.10390420042249818;0.10664930226396681;0.10003340247035616;-0.088888888888888198;-0.012121212121212402;0.17933364396016482;0.1468639521849095;-2.4044515213066866;1.3529313110272463;0.21666666666666659;0.16894315762074885;-0.23834675439656605;0.083117989379068849;-0.40019817002722402;-0.0044663112534906648,2.5208174895310664,,,,,,B,3,e37692350fa4ad4230e3336e,1,79a3672f5b2e02b1cc6b62e6,2,dddf565fe433ec33a8d07106,,,,,
centroid,offset_subsample,7,3,2021-01-01T00:00:00Z,B,0,39e3bacf11776871a5ff8111,2,9511ccf67a32c14786b9505f,24,0.20512820512820512,computed,offset_empirical_centroid_distance,-0.66493248646971981;-0.53433327761154947;-0.52212378409155913;-0.4036183853833557;-0.39481148059600002;0.30391550423936026;-0.32852929655841251;-0.37904716988560561;0.060513651830307616;-0.27953948028135572;-0.59498810274495717;0.43424337371021071;0.10933103280784368;-0.10237455197132568;-0.072511050621521286;0.25382594267831843;0.036970951399004172;-0.017182769653396334;-0.36893022385191593;0.083333333333333259;0.3690621001380549;-0.37570096426917432;-0.016028107407705224;0.46176154946104397;-0.18076091949905684,1.4506665776331424,,,,,,B,3,e37692350fa4ad4230e3336e,1,79a3672f5b2e02b1cc6b62e6,2,dddf565fe433ec33a8d07106,,,,,
centroid,offset_subsample,7,3,2021-01-01T00:00:00Z,B,1,b03e2a19935047396af5f0d5,0,17afd0fca04b61ad4cb40d66,58,0.49572649572649574,computed,offset_empirical_centroid_distance,-0.082188648738039674;0.0056445740167095394;0.014372781316632178;-0.010137983067043202;0.00056196811414259895;-0.38454383525761882;-0.77431009944377971;-0.6533417911099334;-0.45213631940683002;-0.59980108291578715;0.019492177381222973;-0.19193373712420711;-0.23493280190218885;0.07679297619023974;0.26915000266831979;-0.24878556950634478;-0.37058949175431111;0.46701511853858935;-0.46620997050865193;-0.5431034482758621;0.035247334187585973;0.025723234001167029;0.013176257398049966;0.82547488742696207;-0.48223692612521485,0.79868632541414852,,,,,,B,3,e37692350fa4ad4230e3336e,1,79a3672f5b2e02b1cc6b62e6,2,dddf565fe433ec33a8d07106,,,,,
centroid,offset_subsample,7,3,2021-01-01T00:00:00Z,B,2,dddf565fe433ec33a8d07106,3,bb123c373acaf6526349830a,26,0.22222222222222221,computed,offset_empirical_centroid_distance,0.6962733739433391;0.48352106247026233;0.55605635387527919;0.47965065949239477;0.68961150263309468;0.15209441128002457;-0.38589029452846701;-0.37279728598859024;-0.058080404865416511;-0.18340244707788333;0.65592184839149226;0.41030676554158496;0.71299339777842707;0.018541494347946521;-0.086615139246718431;-0.013160111237025738;-0.13782247320893004;0.50358206317268861;0.22074550280589839;-0.125;0.36281784522176969;0.36389021694279738;-0.70435778908558522;0.29611383932097896;-0.17122901200759236,1.469528385946566,,,,,,B,3,e37692350fa4ad4230e3336e,1,79a3672f5b2e02b1cc6b62e6,2,dddf565fe433ec33a8d07106,,,,,
centroid,offset_subsample,7,3,2021-01-01T00:00:00Z,B,3,e37692350fa4ad4230e3336e,1,79a3672f5b2e02b1cc6b62e6,9,0.076923076923076927,computed,offset_empirical_centroid_distance,-0.71563746093371283;-0.23412456270466048;-0.066679210093741448;-0.32923328918696959;-0.65154914253549467;1.1935984877654173;0.53748993183096394;0.61925105370597566;0.032094490879830594;0.95244005116964836;-0.3311660054764124;1.3542359499290049;0.86031301735904808;-0.31461569095977676;0.043522948786105915;0.43678957015592357;0.54978063438014579;-1.0799440593019809;0.36932139195464986;0.47222222222222215;0.46588677946178186;-0.46565175077789406;-0.041814273190840856;1.0627201236172115;-0.05207080398903402,3.2333030867511883,,,,,,B,3,e37692350fa4ad4230e3336e,1,79a3672f5b2e02b1cc6b62e6,2,dddf565fe433ec33a8d07106,,,,,
ood,offset_subsample,7,3,2021-01-01T00:00:00Z,,0,39e3bacf11776871a5ff8111,,,,,,,,,1,48,0.020833333333333332,existing_primary_ood_row,frozen_component_chi_square_threshold,B,3,e37692350fa4ad4230e3336e,1,79a3672f5b2e02b1cc6b62e6,2,dddf565fe433ec33a8d07106,,,,,
ood,offset_subsample,7,3,2021-01-01T00:00:00Z,,1,b03e2a19935047396af5f0d5,,,,,,,,,4,105,0.038095238095238099,existing_primary_ood_row,frozen_component_chi_square_threshold,B,3,e37692350fa4ad4230e3336e,1,79a3672f5b2e02b1cc6b62e6,2,dddf565fe433ec33a8d07106,,,,,
ood,offset_subsample,7,3,2021-01-01T00:00:00Z,,2,dddf565fe433ec33a8d07106,,,,,,,,,3,54,0.055555555555555552,existing_primary_ood_row,frozen_component_chi_square_threshold,B,3,e37692350fa4ad4230e3336e,1,79a3672f5b2e02b1cc6b62e6,2,dddf565fe433ec33a8d07106,,,,,
ood,offset_subsample,7,3,2021-01-01T00:00:00Z,,3,e37692350fa4ad4230e3336e,,,,,,,,,0,27,0,existing_primary_ood_row,frozen_component_chi_square_threshold,B,3,e37692350fa4ad4230e3336e,1,79a3672f5b2e02b1cc6b62e6,2,dddf565fe433ec33a8d07106,,,,,
conclusion,offset_subsample,7,3,2021-01-01T00:00:00Z,,,,,,,,,,,,,,,,,B,3,e37692350fa4ad4230e3336e,1,79a3672f5b2e02b1cc6b62e6,2,dddf565fe433ec33a8d07106,rv_1d;volume_cv_3d;max_runup_3d;rv_3d;directional_efficiency_1d,true,false,false,false
centroid,offset_subsample,7,4,2021-01-01T00:00:00Z,A,0,39e3bacf11776871a5ff8111,3,a40802651dda625eef950cfd,27,0.23076923076923078,computed,offset_empirical_centroid_distance,-0.57944774867351057;-0.8019101560398959;-1.0446429706455511;-0.8933755162939192;-0.58299660773931439;0.82926859943253228;0.86816364775906985;0.39475121024038484;0.70480519969152255;0.27735247907119609;-0.61694571148911581;0.37906073889644576;0.030016539466395199;-0.21558476038762739;-0.016144959607857255;0.35114604513323228;0.11318053844112058;-0.63080845429836063;0.015376358316037139;0.44444444444444436;-0.20579457920004587;-0.01322643864832395;0.29907362046213104;-0.34454747131241392;0.91396414157083827,1.5046955038699352,,,,,,B,3,e37692350fa4ad4230e3336e,1,79a3672f5b2e02b1cc6b62e6,3,e37692350fa4ad4230e3336e,,,,,
centroid,offset_subsample,7,4,2021-01-01T00:00:00Z,A,1,b03e2a19935047396af5f0d5,0,15d3fc436752e80fbf377325,44,0.37606837606837606,computed,offset_empirical_centroid_distance,0.086508469080264494;-0.055262287969303908;-0.00608946565130311;0.034501138197870068;-0.020628063463635916;-0.1314849498168367;-0.14727816041759803;-0.35959151916404286;0.4905644958038009;-0.45986910915344648;-0.00912020942480243;-0.0025647069530029308;-0.31128710616437194;0.27297844031715068;0.47794295130040015;0.062856080619627164;-0.29110616468763501;0.27774327673188792;-0.33427897326272848;-0.33522727272727276;-0.40976488503666725;0.29453889052329507;0.24171236636294688;-0.2624497083799926;0.80149151051343759,1.5917322740518594,,,,,,B,3,e37692350fa4ad4230e3336e,1,79a3672f5b2e02b1cc6b62e6,3,e37692350fa4ad4230e3336e,,,,,
centroid,offset_subsample,7,4,2021-01-01T00:00:00Z,A,2,dddf565fe433ec33a8d07106,1,3de9bb954a2c15cb4492c426,27,0.23076923076923078,computed,offset_empirical_centroid_distance,0.74647446888982683;0.77225851361481235;1.3173243223150373;1.1133425771795946;0.92271646346982483;0.57659940943119348;0.66907498047707437;0.51755672887232995;0.33122837225153923;0.41647896778533328;0.64591078434761007;0.57166100268360698;0.4674077471304583;-0.13520509757068858;-0.030976102339685584;0.25945010267614055;0.076321585973292624;-0.017643710873386686;0.90475388843164428;0.24074074074074067;-0.41955407064902461;0.54201253311390452;0.015816687732843178;-0.51360143540285452;0.61263600175984689,1.6963975479377149,,,,,,B,3,e37692350fa4ad4230e3336e,1,79a3672f5b2e02b1cc6b62e6,3,e37692350fa4ad4230e3336e,,,,,
centroid,offset_subsample,7,4,2021-01-01T00:00:00Z,A,3,e37692350fa4ad4230e3336e,2,5ae28957385af58ebee4cf8e,19,0.1623931623931624,computed,offset_empirical_centroid_distance,-0.29179545698117071;0.20186500310568387;-0.37910417106092198;-0.21522304565561295;-0.39721252235108157;2.8532582571887013;2.8043132345527084;2.1896360335819027;0.72676956537677384;2.526313800765525;-0.12458203543910183;0.58516030350327786;0.64968367327600574;-0.38596491228070146;-0.40574162679425818;0.56664566437540986;0.49284015255737063;-2.2083046264595225;1.713124475604318;0.52631578947368407;0.12760930908320686;-0.092560327913143461;-0.0090433591147991033;-0.061190741980665729;0.90237405178484109,2.1648137727753727,,,,,,B,3,e37692350fa4ad4230e3336e,1,79a3672f5b2e02b1cc6b62e6,3,e37692350fa4ad4230e3336e,,,,,
centroid,offset_subsample,7,4,2021-01-01T00:00:00Z,B,0,39e3bacf11776871a5ff8111,2,9511ccf67a32c14786b9505f,32,0.27350427350427353,computed,offset_empirical_centroid_distance,-0.40768026102912464;-0.59841021325109667;-0.59670845025791985;-0.4124428288577745;-0.39611173246304521;0.26432579133434575;0.11445652707735247;-0.39178131738781224;1.1498295053876117;-0.30724653845557864;-0.53281626205137256;0.33118051039809981;0.17537884816781621;-0.20833333333333284;0.034958133971291529;0.25498836474221803;-0.00097915661729561405;0.023058080718843334;-0.44833956498579486;0.44531249999999989;0.40897472181939443;-0.31200029376673477;-0.12274714437431238;0.51906457123466077;1.5017445324844738,2.0845313442966522,,,,,,B,3,e37692350fa4ad4230e3336e,1,79a3672f5b2e02b1cc6b62e6,3,e37692350fa4ad4230e3336e,,,,,
centroid,offset_subsample,7,4,2021-01-01T00:00:00Z,B,1,b03e2a19935047396af5f0d5,0,17afd0fca04b61ad4cb40d66,39,0.33333333333333331,computed,offset_empirical_centroid_distance,0.041850691301108335;0.075754194251968721;0.10109004328710429;-0.013859186590365558;-0.0095253824985435751;-0.43970366050911169;-0.41569071984373651;-0.71374873294791186;0.82891669884133934;-0.7109062716197827;0.048074252298896239;-0.31413015180508874;-0.2844214132829333;0.051465857917471276;0.23388432524397959;-0.19885387780240957;-0.56384003154162088;0.53384133483096996;-0.54359509603746425;-0.2371794871794872;-0.086132277626076961;-0.013001991519004824;0.17007397763799309;0.28671785510604114;1.079527113415111,1.7523039150467499,,,,,,B,3,e37692350fa4ad4230e3336e,1,79a3672f5b2e02b1cc6b62e6,3,e37692350fa4ad4230e3336e,,,,,
centroid,offset_subsample,7,4,2021-01-01T00:00:00Z,B,2,dddf565fe433ec33a8d07106,3,bb123c373acaf6526349830a,23,0.19658119658119658,computed,offset_empirical_centroid_distance,0.39915084235566717;0.82735582310129852;0.9952334962355851;0.80169648676452476;0.71549905342199527;-0.034854327288252142;-0.063406908092929565;-0.47184174009483648;0.93208937463407338;-0.18443750476514612;0.62039023359993095;0.77371806126760112;0.91709644765489484;-0.29160822814399212;-0.13757301335080208;0.57761512736452836;0.30542844233977612;0.56200374365124051;0.20414495623748519;0.81521739130434767;0.23025653010516675;0.33133423955548869;-0.54068058313777378;0.40475690984685059;1.3492997214336182,2.2640766317959007,,,,,,B,3,e37692350fa4ad4230e3336e,1,79a3672f5b2e02b1cc6b62e6,3,e37692350fa4ad4230e3336e,,,,,
centroid,offset_subsample,7,4,2021-01-01T00:00:00Z,B,3,e37692350fa4ad4230e3336e,1,79a3672f5b2e02b1cc6b62e6,23,0.19658119658119658,computed,offset_empirical_centroid_distance,0.91952960903824399;0.89442349321252423;0.576233993190298;0.29402219459952406;0.20528519362216521;0.99343999951695228;1.3667756788369154;0.4384875705584198;1.3257927733170536;0.79489354790182565;0.12461451709236761;0.84104919932458977;0.95504066837564516;-0.13666822502727075;-0.10395654222132086;0.18905264204184072;0.2612339652240076;-0.50862997879066296;0.75831545891251861;1.1956521739130432;0.4118960619301491;-0.22372397926275991;-0.20851534852025902;1.3266336801169134;1.8386993435247969,3.5594677940225892,,,,,,B,3,e37692350fa4ad4230e3336e,1,79a3672f5b2e02b1cc6b62e6,3,e37692350fa4ad4230e3336e,,,,,
ood,offset_subsample,7,4,2021-01-01T00:00:00Z,,0,39e3bacf11776871a5ff8111,,,,,,,,,6,58,0.10344827586206896,existing_primary_ood_row,frozen_component_chi_square_threshold,B,3,e37692350fa4ad4230e3336e,1,79a3672f5b2e02b1cc6b62e6,3,e37692350fa4ad4230e3336e,,,,,
ood,offset_subsample,7,4,2021-01-01T00:00:00Z,,1,b03e2a19935047396af5f0d5,,,,,,,,,5,80,0.0625,existing_primary_ood_row,frozen_component_chi_square_threshold,B,3,e37692350fa4ad4230e3336e,1,79a3672f5b2e02b1cc6b62e6,3,e37692350fa4ad4230e3336e,,,,,
ood,offset_subsample,7,4,2021-01-01T00:00:00Z,,2,dddf565fe433ec33a8d07106,,,,,,,,,6,53,0.11320754716981132,existing_primary_ood_row,frozen_component_chi_square_threshold,B,3,e37692350fa4ad4230e3336e,1,79a3672f5b2e02b1cc6b62e6,3,e37692350fa4ad4230e3336e,,,,,
ood,offset_subsample,7,4,2021-01-01T00:00:00Z,,3,e37692350fa4ad4230e3336e,,,,,,,,,5,43,0.11627906976744186,existing_primary_ood_row,frozen_component_chi_square_threshold,B,3,e37692350fa4ad4230e3336e,1,79a3672f5b2e02b1cc6b62e6,3,e37692350fa4ad4230e3336e,,,,,
conclusion,offset_subsample,7,4,2021-01-01T00:00:00Z,,,,,,,,,,,,,,,,,B,3,e37692350fa4ad4230e3336e,1,79a3672f5b2e02b1cc6b62e6,3,e37692350fa4ad4230e3336e,volume_ratio_1d_3d;volume_cv_3d;rv_3d;max_drawdown_3d;rv_ratio_1d_3d,true,false,false,false
centroid,offset_subsample,7,5,2021-01-01T00:00:00Z,A,0,39e3bacf11776871a5ff8111,3,a40802651dda625eef950cfd,29,0.24786324786324787,computed,offset_empirical_centroid_distance,-0.12865651945117143;-0.71244685288944243;-0.59676471409940768;-0.85317848255354056;-0.79990029273197472;0.39212297030711479;0.6192758293642967;0.40504866384029048;0.35234531329123042;0.45940944776131359;-0.63210605513074425;0.29799433427983407;0.24847733853976936;-0.13082437275985617;0.042373754539877059;0.076334885357713905;0.10037238838847634;-0.88856309683403156;-0.036110363539810363;0.33620689655172403;-0.22683172893328069;0.047958663576480536;0.26535605566036857;-0.55390267421421957;0.42067823199166565,1.0485716949757062,,,,,,A,3,e37692350fa4ad4230e3336e,2,5ae28957385af58ebee4cf8e,3,e37692350fa4ad4230e3336e,,,,,
centroid,offset_subsample,7,5,2021-01-01T00:00:00Z,A,1,b03e2a19935047396af5f0d5,0,15d3fc436752e80fbf377325,32,0.27350427350427353,computed,offset_empirical_centroid_distance,-0.11909250695935933;-0.065000962683445157;0.012934515075668103;-0.08288438289971696;-0.046462858042169521;-0.19526876762381631;-0.18826271244328613;-0.27429796660326028;0.16787422315876047;-0.4129213312325356;-0.1066308908879697;0.055118182234230748;-0.29551930332683618;-0.067303999763676778;0.16367584743160263;-0.073605048329193665;-0.091109161128386976;0.19115645913791476;-0.30155149714139218;-0.40625;-0.2689067225743777;0.33805487878037571;0.039104911048269839;-0.053087878421745748;0.30093715130358867,1.0626526657851734,,,,,,A,3,e37692350fa4ad4230e3336e,2,5ae28957385af58ebee4cf8e,3,e37692350fa4ad4230e3336e,,,,,
centroid,offset_subsample,7,5,2021-01-01T00:00:00Z,A,2,dddf565fe433ec33a8d07106,1,3de9bb954a2c15cb4492c426,37,0.31623931623931623,computed,offset_empirical_centroid_distance,0.26961863184806045;0.47464513994985075;0.68004003618862252;1.0034530521818177;0.94761063045760907;0.3866542306719592;0.55005082203309574;0.55030652941510017;0.11213248680149906;0.53117955877355616;0.5427654038332631;0.26174908022096621;0.4180074077637751;-0.048460548460548078;-0.062349068597906399;0.20892603087511311;0.23666505166473747;-0.037818420675320735;1.0479309784843049;0.26351351351351343;-0.13597289859174946;0.23439044242836674;-0.017238486689796582;-0.42271850259478577;0.25976338890408879,1.0800783401586715,,,,,,A,3,e37692350fa4ad4230e3336e,2,5ae28957385af58ebee4cf8e,3,e37692350fa4ad4230e3336e,,,,,
centroid,offset_subsample,7,5,2021-01-01T00:00:00Z,A,3,e37692350fa4ad4230e3336e,2,5ae28957385af58ebee4cf8e,19,0.1623931623931624,computed,offset_empirical_centroid_distance,0.26066339976648251;-0.27414283494491842;-0.56727349919613579;-0.71481815522816783;-0.58662614100573207;2.0741915269710884;2.8259177829799027;2.4699060921937828;0.44516698483932493;2.8499544589786372;-0.19464959884815616;0.01917092281952543;0.56880643163851397;-0.42105263157894696;-0.50135146478636783;0.3228984928326904;0.60009838184482434;-2.5152882590833703;1.8288904266647041;0.65789473684210509;0.3208253007198143;-0.24438396534169635;-0.084864242593308117;-0.096389636605157883;0.4805074181307758,2.4076608893203826,,,,,,A,3,e37692350fa4ad4230e3336e,2,5ae28957385af58ebee4cf8e,3,e37692350fa4ad4230e3336e,,,,,
centroid,offset_subsample,7,5,2021-01-01T00:00:00Z,B,0,39e3bacf11776871a5ff8111,2,9511ccf67a32c14786b9505f,30,0.25641025641025639,computed,offset_empirical_centroid_distance,0.010545853323656831;-0.432503869530659;-0.4523013203387713;-0.43557745537666614;-0.43904115825555823;-0.11170391177354995;0.076837110782551857;-0.17926112745359651;0.4951478467224586;-0.10492497970825813;-0.4514330063158728;0.18355624608259444;-0.018791939303864816;-0.044623655913978238;-0.10551834130781503;0.03564885605040561;-0.0063537767585867952;-0.23490131831525682;-0.24144700753764867;0.56666666666666654;0.37149578138086559;-0.33948856559732732;-0.053004846356475892;0.32324449999528543;0.65132794501898406,1.2950992291087036,,,,,,A,3,e37692350fa4ad4230e3336e,2,5ae28957385af58ebee4cf8e,3,e37692350fa4ad4230e3336e,,,,,
centroid,offset_subsample,7,5,2021-01-01T00:00:00Z,B,1,b03e2a19935047396af5f0d5,0,17afd0fca04b61ad4cb40d66,33,0.28205128205128205,computed,offset_empirical_centroid_distance,-0.088008074530630948;-0.050068108336152821;0.0034597785331149005;-0.059666278562577779;-0.00054106179638326339;-0.49999905826901259;-0.498900948003769;-0.56460578980823239;0.063873729891816444;-0.57089068662344944;-0.086749029344731499;-0.19771593834624593;-0.31381327164030315;0.20772238514174055;-0.018687616240196384;-0.35385759173619064;-0.35686166869381269;0.41448634056217004;-0.41620967064387177;-0.33333333333333337;-0.012336263085431381;-0.051910603342975981;0.11024021558201072;0.089714789946378687;0.2329803620698454,0.62405171253772573,,,,,,A,3,e37692350fa4ad4230e3336e,2,5ae28957385af58ebee4cf8e,3,e37692350fa4ad4230e3336e,,,,,
centroid,offset_subsample,7,5,2021-01-01T00:00:00Z,B,2,dddf565fe433ec33a8d07106,3,bb123c373acaf6526349830a,32,0.27350427350427353,computed,offset_empirical_centroid_distance,0.29999153977063936;0.52509605470797915;0.58796515281270989;0.78150850362912627;0.60470143847640623;-0.11599265264736594;-0.032155644007576263;-0.18347201527311863;0.31525469715383087;-0.06832627408751786;0.5858245613949925;0.24488461502537764;0.40088425825545559;-0.42526262106306695;-0.1530563459451163;0.20263640772987823;0.21476028155057161;0.30270551498766424;0.32635366142634969;0.63281249999999989;0.62316455327728137;-0.24152380081449915;-0.44462896571407273;0.27633495605694502;0.49198756858243969,1.2818063625395353,,,,,,A,3,e37692350fa4ad4230e3336e,2,5ae28957385af58ebee4cf8e,3,e37692350fa4ad4230e3336e,,,,,
centroid,offset_subsample,7,5,2021-01-01T00:00:00Z,B,3,e37692350fa4ad4230e3336e,1,79a3672f5b2e02b1cc6b62e6,22,0.18803418803418803,computed,offset_empirical_centroid_distance,-0.4656214614218373;0.20673602920568898;0.026930754601963088;0.17618326684243951;0.16673471611436169;1.1906331970982811;1.1004469863925304;0.80152833658372291;0.57800181437069831;0.97800670608478846;-0.02453740164809308;0.60954543147595075;0.75608724383813908;-0.25757575757575724;-0.23465582157654469;0.094804363795182062;0.093312118046955661;-0.79379314958928737;0.91708300523971986;0.86363636363636354;0.45628900227637204;-0.28351127013861593;-0.20282589192180203;0.94178300804044435;0.72713285435438579,2.3611046916961573,,,,,,A,3,e37692350fa4ad4230e3336e,2,5ae28957385af58ebee4cf8e,3,e37692350fa4ad4230e3336e,,,,,
ood,offset_subsample,7,5,2021-01-01T00:00:00Z,,0,39e3bacf11776871a5ff8111,,,,,,,,,2,63,0.031746031746031744,existing_primary_ood_row,frozen_component_chi_square_threshold,A,3,e37692350fa4ad4230e3336e,2,5ae28957385af58ebee4cf8e,3,e37692350fa4ad4230e3336e,,,,,
ood,offset_subsample,7,5,2021-01-01T00:00:00Z,,1,b03e2a19935047396af5f0d5,,,,,,,,,1,61,0.016393442622950821,existing_primary_ood_row,frozen_component_chi_square_threshold,A,3,e37692350fa4ad4230e3336e,2,5ae28957385af58ebee4cf8e,3,e37692350fa4ad4230e3336e,,,,,
ood,offset_subsample,7,5,2021-01-01T00:00:00Z,,2,dddf565fe433ec33a8d07106,,,,,,,,,3,71,0.042253521126760563,existing_primary_ood_row,frozen_component_chi_square_threshold,A,3,e37692350fa4ad4230e3336e,2,5ae28957385af58ebee4cf8e,3,e37692350fa4ad4230e3336e,,,,,
ood,offset_subsample,7,5,2021-01-01T00:00:00Z,,3,e37692350fa4ad4230e3336e,,,,,,,,,2,39,0.05128205128205128,existing_primary_ood_row,frozen_component_chi_square_threshold,A,3,e37692350fa4ad4230e3336e,2,5ae28957385af58ebee4cf8e,3,e37692350fa4ad4230e3336e,,,,,
conclusion,offset_subsample,7,5,2021-01-01T00:00:00Z,,,,,,,,,,,,,,,,,A,3,e37692350fa4ad4230e3336e,2,5ae28957385af58ebee4cf8e,3,e37692350fa4ad4230e3336e,range_ratio_3d;max_drawdown_3d;rv_1d;return_2d;rv_3d,true,false,false,false
centroid,offset_subsample,7,6,2021-01-01T00:00:00Z,A,0,39e3bacf11776871a5ff8111,3,a40802651dda625eef950cfd,30,0.25641025641025639,computed,offset_empirical_centroid_distance,-0.75180374385362836;-0.85345366444286497;-0.78342649890891591;-0.84458919443513336;-0.67898083171505952;0.72323305514607472;0.63597513462845856;0.54938525994525667;0.17231053781629638;0.43014228314074643;-0.65693369835828375;0.25511188038241234;0.082414120741213862;-0.16648745519713209;-0.17230196703880948;0.25786295199504655;0.26720885519155557;-0.82759198306580495;0.11263621890492938;-4.3368086899420177e-17;-0.14260223921782142;-0.013279819487034101;0.22686122692598298;-0.52437389871958784;0.14409335163616491,1.1903642227404156,,,,,,A,3,e37692350fa4ad4230e3336e,2,5ae28957385af58ebee4cf8e,3,e37692350fa4ad4230e3336e,,,,,
centroid,offset_subsample,7,6,2021-01-01T00:00:00Z,A,1,b03e2a19935047396af5f0d5,0,15d3fc436752e80fbf377325,21,0.17948717948717949,computed,offset_empirical_centroid_distance,-0.012947932586215741;-0.04374130662007597;-0.088072504699096762;-0.085014720651833423;-0.15746900839779687;-0.21994555967341081;-0.24414727241449133;-0.21562439536487726;-0.027975447324223985;-0.37855873330863049;-0.24794967120183853;0.055596041071038452;-0.27484307388317764;0.0022188086704221705;-0.049372761920334365;-0.10801082441852425;-0.055203219698222103;0.1497672674582729;-0.31195654702059455;-0.5714285714285714;-0.2854925851653104;0.085283326335823473;0.29719293914592149;-0.054731825496763864;0.063217061232436672,0.95170775806768382,,,,,,A,3,e37692350fa4ad4230e3336e,2,5ae28957385af58ebee4cf8e,3,e37692350fa4ad4230e3336e,,,,,
centroid,offset_subsample,7,6,2021-01-01T00:00:00Z,A,2,dddf565fe433ec33a8d07106,1,3de9bb954a2c15cb4492c426,46,0.39316239316239315,computed,offset_empirical_centroid_distance,0.34153098700079937;0.86798793882810399;0.99445829387915985;0.87585039855197644;0.81556893825865506;0.33127819764533106;0.59682205161983715;0.48552569035316245;0.20473178820699517;0.50766595452714225;0.52084261170897417;0.42556395975465078;0.35808427427627076;-0.057466259780424855;-0.049733199743307338;0.16916620659528653;0.17662425985521873;-0.098130083571468435;0.94727725847034772;0.35326086956521729;-0.16932576483981188;0.40528805463554202;-0.13781417611073296;-0.32972386325977587;0.14099594494086143,1.0685588022149648,,,,,,A,3,e37692350fa4ad4230e3336e,2,5ae28957385af58ebee4cf8e,3,e37692350fa4ad4230e3336e,,,,,
centroid,offset_subsample,7,6,2021-01-01T00:00:00Z,A,3,e37692350fa4ad4230e3336e,2,5ae28957385af58ebee4cf8e,20,0.17094017094017094,computed,offset_empirical_centroid_distance,-0.22706099354446868;-0.44186614763233734;-0.13788055884564687;-0.2990947114660279;-0.43985677697187991;2.411469900003858;2.6300703774404637;2.7497462028034683;0.065573727885868099;2.7933437147599673;-0.079960762169222682;0.21955011758565621;0.43109303743733951;-0.35833333333333284;-0.52236044657097291;0.29513552629143708;0.47467907972697537;-2.5309070986841968;2.1432044938031458;0.43749999999999989;0.42524118252264154;-0.29003166904839939;-0.1611646331562413;-0.34643331658551063;0.017077519344530532,2.4253243460667795,,,,,,A,3,e37692350fa4ad4230e3336e,2,5ae28957385af58ebee4cf8e,3,e37692350fa4ad4230e3336e,,,,,
centroid,offset_subsample,7,6,2021-01-01T00:00:00Z,B,0,39e3bacf11776871a5ff8111,2,9511ccf67a32c14786b9505f,28,0.23931623931623933,computed,offset_empirical_centroid_distance,-0.23617211205348165;-0.4956659252930653;-0.54414913541308085;-0.53427016688775042;-0.51164600594418874;0.15850178309297311;0.037152619378009351;-0.1328974073379903;0.32420332936381113;-0.0088718534165916369;-0.55112473145791874;0.31292484459567677;0.22671542038642781;-0.082373271889400371;-0.14889496468443866;0.12720905229144483;0.28303220786182554;-0.36308587573165835;-0.26582549795215898;0.10714285714285711;0.28759624839249004;-0.44533410977585519;0.17972196955091943;0.20990552930294035;0.19880161237269764,0.76335939883301174,,,,,,A,3,e37692350fa4ad4230e3336e,2,5ae28957385af58ebee4cf8e,3,e37692350fa4ad4230e3336e,,,,,
centroid,offset_subsample,7,6,2021-01-01T00:00:00Z,B,1,b03e2a19935047396af5f0d5,0,17afd0fca04b61ad4cb40d66,28,0.23931623931623933,computed,offset_empirical_centroid_distance,0.14418129397158877;-0.15097332509525258;-0.12990295071005981;-0.048139472471397701;-0.032851411229256416;-0.47820464062718593;-0.49468374067673609;-0.4635861862739758;-0.14554386157149746;-0.52135974504390781;-0.15440345082185145;-0.19172273741833443;-0.34554242803525259;0.23975934459805481;0.033652312599680947;-0.19912021158422763;-0.42217756380574056;0.35880105458790729;-0.37369807626444967;-0.2589285714285714;0.1735191695792821;-0.14414193750714477;-0.011068207748088615;0.0066515295330452856;-0.082420562582392429,0.54912735154680359,,,,,,A,3,e37692350fa4ad4230e3336e,2,5ae28957385af58ebee4cf8e,3,e37692350fa4ad4230e3336e,,,,,
centroid,offset_subsample,7,6,2021-01-01T00:00:00Z,B,2,dddf565fe433ec33a8d07106,3,bb123c373acaf6526349830a,36,0.30769230769230771,computed,offset_empirical_centroid_distance,0.37626801392634157;0.68025186853344077;0.69159474435938251;0.56608397820664802;0.67779024503777219;0.0035028350636042813;-0.053304789294501581;-0.045152653486912338;-0.0035678793249005625;0.029281220756745292;0.62548638206096185;0.40944550741404223;0.34577089524890853;-0.16134010354440434;-0.16752821232104556;-0.17262406976079217;-0.0097757832814460086;0.20669325488272022;0.43579673365827426;0.28472222222222215;0.30298716180654539;-0.010102979062418397;-0.30011010366006508;0.14551756842770863;0.018836913552109182,0.70976529663812538,,,,,,A,3,e37692350fa4ad4230e3336e,2,5ae28957385af58ebee4cf8e,3,e37692350fa4ad4230e3336e,,,,,
centroid,offset_subsample,7,6,2021-01-01T00:00:00Z,B,3,e37692350fa4ad4230e3336e,1,79a3672f5b2e02b1cc6b62e6,25,0.21367521367521367,computed,offset_empirical_centroid_distance,0.18159464417040219;0.35084619307662379;0.50331896969808365;0.32551883722512692;0.33297703735485173;0.81366635217877648;0.8968965542147691;1.0383681920739458;-0.0077069171010112781;1.0329992904364402;0.087187249071636358;0.36774918132145479;0.40968831165459424;-0.31978494623655879;-0.40687719298245623;0.14283808441969301;0.19064869319603367;-0.84741169385506299;1.1613349207328265;0.46999999999999986;0.53709195215412153;-0.2196551945630327;-0.35394448606701517;0.69991317957502075;0.12496913694596036,2.2624721297379309,,,,,,A,3,e37692350fa4ad4230e3336e,2,5ae28957385af58ebee4cf8e,3,e37692350fa4ad4230e3336e,,,,,
ood,offset_subsample,7,6,2021-01-01T00:00:00Z,,0,39e3bacf11776871a5ff8111,,,,,,,,,2,62,0.032258064516129031,existing_primary_ood_row,frozen_component_chi_square_threshold,A,3,e37692350fa4ad4230e3336e,2,5ae28957385af58ebee4cf8e,3,e37692350fa4ad4230e3336e,,,,,
ood,offset_subsample,7,6,2021-01-01T00:00:00Z,,1,b03e2a19935047396af5f0d5,,,,,,,,,0,46,0,existing_primary_ood_row,frozen_component_chi_square_threshold,A,3,e37692350fa4ad4230e3336e,2,5ae28957385af58ebee4cf8e,3,e37692350fa4ad4230e3336e,,,,,
ood,offset_subsample,7,6,2021-01-01T00:00:00Z,,2,dddf565fe433ec33a8d07106,,,,,,,,,1,74,0.013513513513513514,existing_primary_ood_row,frozen_component_chi_square_threshold,A,3,e37692350fa4ad4230e3336e,2,5ae28957385af58ebee4cf8e,3,e37692350fa4ad4230e3336e,,,,,
ood,offset_subsample,7,6,2021-01-01T00:00:00Z,,3,e37692350fa4ad4230e3336e,,,,,,,,,3,52,0.057692307692307696,existing_primary_ood_row,frozen_component_chi_square_threshold,A,3,e37692350fa4ad4230e3336e,2,5ae28957385af58ebee4cf8e,3,e37692350fa4ad4230e3336e,,,,,
conclusion,offset_subsample,7,6,2021-01-01T00:00:00Z,,,,,,,,,,,,,,,,,A,3,e37692350fa4ad4230e3336e,2,5ae28957385af58ebee4cf8e,3,e37692350fa4ad4230e3336e,rv_3d;range_ratio_3d;max_drawdown_3d;rv_1d;max_runup_3d,true,false,false,false
